Predicted Value,Expected Value
7.65953998872e-05,7.553149004e-05
8.91304623222e-05,8.72970199e-05
0.000114005216133,0.0001245791679
9.36559259279e-05,9.600656647e-05
9.53193592256e-05,9.281358313e-05
7.84316708932e-05,7.605842776e-05
8.71350135801e-05,8.401476796e-05
9.37053891924e-05,9.045567534e-05
7.77400730419e-05,7.357341076e-05
8.05646379185e-05,7.793831358e-05
5.91514860296e-05,6.586452886e-05
8.25600867098e-05,7.932152229e-05
5.50946666901e-05,6.404967376e-05
9.14892260357e-05,8.798161256e-05
0.000112972686839,0.0001192846762
7.63946240363e-05,7.738478238e-05
9.37053891924e-05,9.01658092e-05
5.87700072714e-05,6.600939733e-05
7.88131496514e-05,7.603700814e-05
9.83994823406e-05,9.499668224e-05
9.40868679505e-05,9.068751975e-05
9.72550460662e-05,9.452549886e-05
0.000113623737375,0.0001254543928
7.39942623061e-05,7.243922673e-05
9.57008379838e-05,9.323964563e-05
0.000113242258617,0.0001203943397
9.8910614183e-05,9.600834815e-05
8.17090741929e-05,7.896718491e-05
0.00010150825608,0.0001021787414
8.13275954347e-05,7.859617574e-05
8.21786079517e-05,7.971883053e-05
6.44236854903e-05,6.403540539e-05
9.05966154532e-05,8.901674116e-05
7.2989509894e-05,6.944481275e-05
0.000119095720138,0.0001337627213
7.67761027944e-05,7.68463956e-05
8.66160165568e-05,8.266185876e-05
6.17528604909e-05,6.854999897e-05
4.88179516974e-05,6.008394027e-05
0.000118332762622,0.0001298763908
0.000113623737375,0.0001235449159
6.25158180071e-05,6.884182587e-05
9.8910614183e-05,9.610309524e-05
8.91304623222e-05,8.599553499e-05
5.50946666901e-05,6.386184338e-05
0.000105323738556,0.0001068643529
0.000125600232147,0.0001465148439
0.000102727028829,9.843419347e-05
9.11077472776e-05,8.815231549e-05
9.32744471698e-05,9.150436966e-05
8.97180047635e-05,8.345890774e-05
9.75208716689e-05,9.258881441e-05
8.5161224309e-05,7.987506121e-05
9.08624410379e-05,8.486079842e-05
6.2134339249e-05,6.835433259e-05
0.000113623737375,0.0001215454724
7.35247285293e-05,7.360088767e-05
6.25158180071e-05,6.828900753e-05
8.66654798032e-05,8.513522635e-05
4.84364729393e-05,5.995818252e-05
7.0700400483e-05,6.821034974e-05
9.83994823406e-05,9.559041198e-05
0.000118178844018,0.0001210467783
8.62345377987e-05,8.322122227e-05
0.000112860779859,0.0001178390763
8.09461166766e-05,7.819599888e-05
8.13275954347e-05,7.846201608e-05
8.00951041909e-05,7.926164206e-05
0.00010150825608,0.0001020562141
0.000111828250565,0.0001203195813
9.25826124382e-05,8.620165452e-05
0.000119477198897,0.0001354632412
6.61033404e-05,7.027359774e-05
8.496044844e-05,8.179896973e-05
7.10102827639e-05,7.248050536e-05
7.73583574035e-05,7.567655638e-05
7.84316708932e-05,7.637581125e-05
0.000110911374493,0.000110022808
9.60823167419e-05,9.633424475e-05
7.80996553995e-05,8.083783426e-05
0.000102191631467,9.908427376e-05
8.45789696818e-05,8.183503076e-05
8.30595741505e-05,7.981774831e-05
7.93321466746e-05,7.817906947e-05
0.000125981710905,0.0001484255014
8.66160165568e-05,8.38824661e-05
0.000100947660991,0.0001063522473
9.08624410379e-05,8.41972846e-05
8.17971291935e-05,7.971804578e-05
9.8910614183e-05,9.590385665e-05
8.66160165568e-05,8.376678207e-05
7.51386985806e-05,7.32882495e-05
9.75208716689e-05,9.317161545e-05
8.88011286427e-05,8.477004227e-05
6.61913954007e-05,6.7862789e-05
5.7002297343e-05,6.141059807e-05
9.60685982162e-05,9.267631647e-05
9.05966154532e-05,9.009819207e-05
8.55429399293e-05,7.968437988e-05
0.000103489986346,9.931485205e-05
8.51614611711e-05,7.933431638e-05
7.80996553995e-05,8.025075682e-05
5.62391029645e-05,6.418991009e-05
0.000111292853251,0.0001105981532
7.80501921351e-05,7.607664575e-05
8.8748983564e-05,8.571539527e-05
9.56871194581e-05,9.138095061e-05
9.53056407e-05,9.019128081e-05
5.83885285133e-05,6.570749337e-05
0.000105057912972,0.0001040370203
9.36559259279e-05,9.208303633e-05
7.71575815526e-05,7.751066226e-05
0.000113242258617,0.0001240148362
7.10818792411e-05,6.864325673e-05
9.1819654922e-05,8.582417576e-05
4.95809092137e-05,6.016508025e-05
9.40374046861e-05,9.412490282e-05
6.32790123357e-05,6.588396819e-05
0.00010543939173,0.0001041850437
7.2989509894e-05,6.913478695e-05
0.000106086696073,0.0001133320022
8.97180047635e-05,8.439289482e-05
6.49589041256e-05,7.063311722e-05
7.22265523777e-05,6.853388335e-05
9.11077472776e-05,8.798024692e-05
8.78979710963e-05,8.446258225e-05
5.54761454482e-05,6.421486176e-05
6.36604910938e-05,6.604568161e-05
0.000101889734838,0.0001011832176
9.86653079434e-05,9.493999413e-05
6.53403828837e-05,7.000396605e-05
9.22011336801e-05,8.635311756e-05
0.000124837274631,0.0001441214117
0.00010142867395,9.863943907e-05
7.51386985806e-05,7.303637064e-05
7.63946240363e-05,7.758953408e-05
7.22922373035e-05,7.538430063e-05
6.17528604909e-05,6.81874282e-05
6.57218616419e-05,7.098304711e-05
8.95119410803e-05,8.652670646e-05
0.000117034407743,0.0001187078784
7.85032673704e-05,7.357236976e-05
6.4041969852e-05,6.602706216e-05
7.02473252477e-05,7.161343771e-05
7.88131496514e-05,7.671055059e-05
7.2761771013e-05,7.357170213e-05
0.000103108507587,9.86801346e-05
7.71575815526e-05,7.803705156e-05
7.18450736196e-05,6.842811248e-05
9.20003578291e-05,8.885986667e-05
9.07262685194e-05,8.815412607e-05
0.000114005216133,0.0001208284956
7.81215518e-05,7.434451101e-05
8.17090741929e-05,7.878391725e-05
8.33048803901e-05,8.285617578e-05
0.00011871424138,0.0001282917473
8.51614611711e-05,7.954284461e-05
6.57218616419e-05,7.0816301e-05
6.17528604909e-05,6.824680111e-05
8.21786079517e-05,7.956845512e-05
8.22966166342e-05,7.934308662e-05
9.92920929411e-05,9.646221868e-05
0.000110529895735,0.0001090656195
7.10102827639e-05,7.178242669e-05
9.73669530464e-05,9.224299298e-05
8.82794498545e-05,8.477433769e-05
9.32744471698e-05,9.410480303e-05
0.000105705217314,0.000109186528
6.51866430066e-05,6.424819777e-05
9.8910614183e-05,9.667054307e-05
7.80501921351e-05,7.582522193e-05
9.44683467087e-05,9.116696756e-05
7.85032673704e-05,7.371258167e-05
7.19107585453e-05,7.534020048e-05
0.000125981710905,0.0001495617097
9.76365248243e-05,9.433570051e-05
9.04809622798e-05,8.508496305e-05
9.57008379838e-05,9.47584889e-05
5.87700072714e-05,6.557451422e-05
6.4041969852e-05,6.60912773e-05
0.000110375977112,0.000106003548
8.9564086159e-05,8.5105991e-05
9.72550460662e-05,9.419853137e-05
8.40678379064e-05,8.352302152e-05
9.49378804675e-05,9.296715222e-05
0.000105705217314,0.0001114054221
0.000114005216133,0.0001265865117
8.17090741929e-05,7.888193082e-05
9.75208716689e-05,9.308176959e-05
9.85291354248e-05,9.612271723e-05
8.71350135801e-05,8.382736421e-05
9.98032247165e-05,0.0001021499787
9.05966154532e-05,8.959540537e-05
0.000112591208081,0.0001226853027
0.000102191631467,9.728952426e-05
9.25826124382e-05,8.653764261e-05
7.31432497712e-05,7.343658586e-05
0.000106202349246,0.0001054138743
6.73358316751e-05,6.88139348e-05
5.87700072714e-05,6.585084719e-05
6.25158180071e-05,6.860997178e-05
6.32790123357e-05,6.581996974e-05
9.53056407e-05,9.184299707e-05
5.73837761011e-05,6.168997179e-05
9.86653079434e-05,9.432908378e-05
6.4041969852e-05,6.594497512e-05
9.04809622798e-05,8.474222693e-05
8.43982667927e-05,7.953087244e-05
0.000125981710905,0.0001478173734
6.87925329998e-05,7.358334672e-05
7.31432497712e-05,7.329575334e-05
0.000110529895735,0.0001093422832
6.48051642484e-05,6.408161429e-05
0.000102652692354,0.0001026419193
0.000105705217314,0.0001072334634
0.000102573110225,9.781796663e-05
7.35247285293e-05,7.345963224e-05
8.00951041909e-05,7.878017114e-05
6.9174011758e-05,7.315650633e-05
7.18450736196e-05,6.807638377e-05
6.6954352917e-05,6.831265669e-05
6.9174011758e-05,7.285107228e-05
8.91826074008e-05,8.571260554e-05
0.000109231540838,0.0001045679442
7.2761771013e-05,7.312867709e-05
0.000106332002312,0.0001082765623
0.000111828250565,0.000120167762
7.26080311358e-05,6.914406313e-05
9.29640911964e-05,8.705038137e-05
0.000117415886501,0.0001192614227
0.000119095720138,0.0001352142909
9.27633153454e-05,8.983902071e-05
8.97180047635e-05,8.374700989e-05
8.5161224309e-05,7.980572423e-05
8.91826074008e-05,8.424052145e-05
7.26737160616e-05,7.621251455e-05
8.84196498846e-05,8.38200829e-05
0.000100566182233,0.0001053587634
0.000102652692354,0.0001046837458
0.000102727028829,9.85507575e-05
0.000111828250565,0.0001186013462
5.87700072714e-05,6.549653697e-05
9.40868679505e-05,9.051265709e-05
8.5161224309e-05,7.927100626e-05
9.92920929411e-05,9.678630534e-05
7.02473252477e-05,7.199577302e-05
7.9244091674e-05,8.083522981e-05
9.69854742883e-05,9.122802899e-05
9.08624410379e-05,8.497746908e-05
7.80501921351e-05,7.584306831e-05
7.63946240363e-05,7.685390175e-05
9.85291354248e-05,9.591378227e-05
0.000118332762622,0.0001277006787
7.43757410643e-05,7.259979542e-05
9.75208716689e-05,9.310255562e-05
6.61913954007e-05,6.816570468e-05
7.43757410643e-05,7.263544704e-05
8.47797455508e-05,7.963899329e-05
0.000124837274631,0.0001430456742
0.000107476438587,0.0001158638587
9.92920929411e-05,9.664485794e-05
8.40167880345e-05,7.886916016e-05
7.51386985806e-05,7.292622858e-05
9.8910614183e-05,9.639142423e-05
0.000103489986346,9.887180438e-05
7.15292797872e-05,7.588990285e-05
0.000106332002312,0.0001096259952
0.000105705217314,0.000109738295
8.47797455508e-05,7.956982445e-05
7.02473252477e-05,7.191299599e-05
9.18707047938e-05,8.832493426e-05
0.000102573110225,9.936584249e-05
7.14633579992e-05,6.915825497e-05
9.83994823406e-05,9.495229144e-05
8.496044844e-05,8.198125008e-05
8.43982667927e-05,7.982765163e-05
0.000106468174831,0.0001146005807
8.59244186874e-05,8.004356126e-05
8.66654798032e-05,8.427441235e-05
7.75390603107e-05,7.70618002e-05
6.87925329998e-05,7.363608237e-05
0.000106202349246,0.0001050791282
0.000105820870488,0.0001050111989
8.62345377987e-05,8.353230706e-05
7.15292797872e-05,7.52357034e-05
6.6954352917e-05,6.873862788e-05
9.0215136695e-05,8.930147015e-05
5.62393398267e-05,6.123733672e-05
0.000111674332009,0.0001112609807
8.17090741929e-05,7.858841124e-05
7.80501921351e-05,7.599726683e-05
9.66039955301e-05,9.060309532e-05
7.02473252477e-05,7.258052857e-05
8.40167880345e-05,7.911398348e-05
0.000102652692354,0.000103431823
9.20003578291e-05,8.837248129e-05
8.00951041909e-05,7.919862552e-05
9.76365248243e-05,9.430987041e-05
8.21786079517e-05,7.916230442e-05
7.39062072875e-05,7.39918972e-05
7.47572198224e-05,7.287697667e-05
9.83994823406e-05,9.483741783e-05
7.39942623061e-05,7.243697172e-05
0.000104788341194,0.0001016922373
9.1819654922e-05,8.598236742e-05
0.00010142867395,9.829550502e-05
0.000125218753389,0.000140621455
5.58576242064e-05,6.432516629e-05
6.36604910938e-05,6.585266471e-05
8.98336579369e-05,8.837259183e-05
9.60685982162e-05,9.287374774e-05
0.000107094959829,0.0001116132565
9.08624410379e-05,8.457971803e-05
0.000104406862436,0.0001013614445
7.65953998872e-05,7.469945462e-05
9.37053891924e-05,9.043931645e-05
8.19151378761e-05,7.896378103e-05
0.000105169819952,0.0001027561925
8.47797455508e-05,7.887507754e-05
5.95329647877e-05,6.607147887e-05
9.76365248243e-05,9.500911118e-05
0.000105705217314,0.0001074146524
8.51614611711e-05,7.947437908e-05
7.18448367574e-05,6.913391302e-05
0.000102191631467,9.883428421e-05
7.39062072875e-05,7.382660017e-05
9.29640911964e-05,8.718666224e-05
0.000106202349246,0.0001053143098
0.000118178844018,0.0001211761877
4.88179516974e-05,6.002613887e-05
0.00010142867395,9.897079381e-05
0.000102573110225,9.838652586e-05
0.000117415886501,0.0001191128811
8.54715802824e-05,8.210376371e-05
0.000100566182233,0.000102272071
8.00951041909e-05,7.882397735e-05
9.32744471698e-05,9.160440859e-05
7.10102827639e-05,7.283460335e-05
0.000102573110225,9.756722848e-05
7.35247285293e-05,7.370270987e-05
8.5902522287e-05,8.472055701e-05
0.000125981710905,0.0001436011823
0.000100947660991,0.0001015332836
0.000113242258617,0.0001206527901
6.73358316751e-05,6.888007326e-05
9.8910614183e-05,9.691205378e-05
9.29640911964e-05,8.680486652e-05
9.32744471698e-05,9.383531784e-05
7.65953998872e-05,7.490763115e-05
9.76365248243e-05,9.510433698e-05
6.84110542417e-05,7.283409902e-05
7.26080311358e-05,6.893972759e-05
9.60823167419e-05,9.54677646e-05
7.76687133769e-05,7.607694528e-05
9.92920929411e-05,9.688126715e-05
6.49589041256e-05,6.99140553e-05
0.00010671348107,0.0001103397375
9.80180035824e-05,9.487059191e-05
6.99372061364e-05,7.080097292e-05
8.496044844e-05,8.170660087e-05
8.13275954347e-05,7.852862122e-05
7.62139211291e-05,7.584176734e-05
8.62840010451e-05,8.406747421e-05
7.51386985806e-05,7.320084589e-05
9.8910614183e-05,9.663877448e-05
7.35247285293e-05,7.31515132e-05
6.99372061364e-05,7.032597785e-05
7.06288040058e-05,7.23467257e-05
8.97180047635e-05,8.333544368e-05
9.60685982162e-05,9.162871943e-05
9.86653079434e-05,9.470771985e-05
0.000101810152708,9.935424026e-05
5.62391029645e-05,6.424780973e-05
0.000105323738556,0.000109973896
0.000105169819952,0.0001028925334
6.95557273783e-05,7.008831969e-05
7.51386985806e-05,7.314187752e-05
5.62391029645e-05,6.424999425e-05
0.000103108507587,9.859539299e-05
8.66160165568e-05,8.331040458e-05
8.66654798032e-05,8.476830061e-05
9.07262685194e-05,8.760028439e-05
8.78979710963e-05,8.459883763e-05
9.92920929411e-05,9.723406023e-05
7.18448367574e-05,6.900859213e-05
7.22922373035e-05,7.494480735e-05
9.22011336801e-05,8.62079307e-05
8.5161224309e-05,8.035171989e-05
9.56871194581e-05,9.231550198e-05
9.44683467087e-05,9.127096215e-05
7.39062072875e-05,7.35718625e-05
5.91514860296e-05,6.632982625e-05
8.22966166342e-05,7.944721602e-05
8.05646379185e-05,7.800870924e-05
0.000112860779859,0.0001229687281
6.98658464895e-05,7.216658352e-05
8.19151378761e-05,7.937565013e-05
9.49241619418e-05,9.080127497e-05
6.53403828837e-05,7.046113294e-05
6.25158180071e-05,6.87829382e-05
9.66039955301e-05,9.103610516e-05
9.69854742883e-05,9.139136606e-05
9.98032247165e-05,0.0001006241515
9.48498254668e-05,9.128769238e-05
9.85291354248e-05,9.556520112e-05
0.000109994498354,0.000107034718
7.26737160616e-05,7.58734885e-05
5.7002297343e-05,6.154047751e-05
9.72550460662e-05,9.470350911e-05
7.06288040058e-05,7.204555642e-05
7.26737160616e-05,7.574862262e-05
8.83675048059e-05,8.559388063e-05
7.71575815526e-05,7.690507114e-05
6.84110542417e-05,7.328266593e-05
8.55429399293e-05,7.982494741e-05
0.000102573110225,9.925037211e-05
0.000101810152708,9.726814266e-05
9.1819654922e-05,8.610748645e-05
0.000104406862436,0.000101124267
8.2941565468e-05,7.97835907e-05
0.000109613019596,0.0001065753275
6.17528604909e-05,6.871068314e-05
8.04765829491e-05,7.87867239e-05
9.72550460662e-05,9.399033551e-05
0.000112972686839,0.0001194837921
6.84110542417e-05,7.302563516e-05
0.00010142867395,9.66012468e-05
9.85291354248e-05,9.546141682e-05
0.000100184703475,0.000104866811
0.00010142867395,9.929457433e-05
9.07262685194e-05,8.752377494e-05
7.81215518e-05,7.447514413e-05
5.54761454482e-05,6.419843715e-05
7.07001636527e-05,7.049858475e-05
6.44236854903e-05,6.38982277e-05
9.37053891924e-05,9.026788934e-05
7.75390603107e-05,7.715767546e-05
7.18448367574e-05,6.939597774e-05
9.83994823406e-05,9.505439336e-05
9.37053891924e-05,9.022937028e-05
0.000100184703475,0.0001002569546
8.47797455508e-05,7.909179917e-05
0.000103108507587,9.83243461e-05
9.75208716689e-05,9.279128907e-05
9.60685982162e-05,9.080456584e-05
9.66039955301e-05,9.038116371e-05
8.22966166342e-05,7.879967583e-05
9.25826124382e-05,8.646962613e-05
8.5161224309e-05,7.911774972e-05
5.95329647877e-05,6.587420086e-05
0.000104788341194,0.0001015575837
8.30595741505e-05,7.849058484e-05
8.41974909237e-05,8.140558704e-05
6.61033404e-05,7.119202628e-05
5.62391029645e-05,6.437537135e-05
7.63946240363e-05,7.711310145e-05
0.000111292853251,0.0001101657974
8.30595741505e-05,7.89600196e-05
8.59244186874e-05,8.018455377e-05
5.73837761011e-05,6.162252238e-05
8.63058974456e-05,8.033226131e-05
6.28972967653e-05,6.878832033e-05
7.81215518e-05,7.398460806e-05
0.000125218753389,0.0001463448006
5.83885285133e-05,6.556704333e-05
6.32790123357e-05,6.601082358e-05
6.2134339249e-05,6.848263394e-05
0.000107094959829,0.0001132141095
6.48051642484e-05,6.42411706e-05
7.62139211291e-05,7.497453554e-05
0.000105057912972,0.0001037393552
6.51866430066e-05,6.417809375e-05
7.35247285293e-05,7.366163523e-05
7.2989509894e-05,6.889408112e-05
0.000111292853251,0.000110489266
0.000100184703475,0.0001043978548
8.55429399293e-05,7.972708605e-05
0.000106332002312,0.00011291144
8.62840010451e-05,8.440543577e-05
9.37053891924e-05,9.052522559e-05
8.66654798032e-05,8.411932381e-05
8.94521791787e-05,8.871090344e-05
7.22922373035e-05,7.502795771e-05
7.18448367574e-05,6.876290171e-05
8.82794498545e-05,8.483505153e-05
7.88847461285e-05,7.405581784e-05
9.75208716689e-05,9.244894899e-05
0.000100566182233,0.000100697064
7.84811341577e-05,8.026262361e-05
9.0215136695e-05,8.94813923e-05
6.65728741588e-05,6.823623289e-05
0.000100566182233,0.0001056953515
0.000103871465104,9.787885337e-05
0.000110375977112,0.0001077596614
7.73583574035e-05,7.510726701e-05
8.51614611711e-05,7.961494446e-05
0.000102727028829,9.745735961e-05
8.19151378761e-05,7.813986078e-05
6.2134339249e-05,6.84184895e-05
7.03186848946e-05,7.092111186e-05
9.49241619418e-05,9.008358465e-05
0.000100566182233,0.0001041073135
8.40678379064e-05,8.312498206e-05
7.77400730419e-05,7.386522178e-05
8.54715802824e-05,8.241431795e-05
7.93321466746e-05,7.832868757e-05
0.000105057912972,0.0001033106851
6.28975335775e-05,6.578441956e-05
5.62393398267e-05,6.123202224e-05
7.76687133769e-05,7.549745573e-05
9.75208716689e-05,9.320541351e-05
6.40422067321e-05,6.381292876e-05
7.14633579992e-05,6.909347955e-05
7.39942623061e-05,7.224181295e-05
6.6954352917e-05,6.885533022e-05
9.27633153454e-05,8.905210957e-05
7.71575815526e-05,7.796125587e-05
0.000117797365259,0.0001203629311
0.000105323738556,0.0001084210456
8.58530590405e-05,8.271859935e-05
6.2134339249e-05,6.8098264e-05
6.51866430066e-05,6.410122881e-05
0.000124837274631,0.0001395227527
0.000105057912972,0.0001034155452
8.33048803901e-05,8.352761273e-05
8.17971291935e-05,7.872462359e-05
0.000118332762622,0.0001308993085
9.0215136695e-05,8.909926226e-05
9.48498254668e-05,9.154747129e-05
8.82794498545e-05,8.485078967e-05
0.000111828250565,0.0001184117981
0.000102191631467,9.796927479e-05
9.69854742883e-05,9.035985253e-05
0.000111292853251,0.000111016943
8.94521791787e-05,8.842951618e-05
9.98032247165e-05,0.000103468304
7.18450736196e-05,6.8476845e-05
0.000113242258617,0.0001187226664
0.000102191631467,9.810709589e-05
0.000119095720138,0.0001324922315
6.95554905161e-05,7.277231883e-05
8.5161224309e-05,8.022507864e-05
7.97136254328e-05,7.913702037e-05
7.43757410643e-05,7.26599257e-05
6.95554905161e-05,7.284671884e-05
7.19107585453e-05,7.581586371e-05
0.000102271213596,0.0001025078601
5.66208185848e-05,6.132384648e-05
7.2761771013e-05,7.313580564e-05
6.40422067321e-05,6.39421516e-05
7.65953998872e-05,7.540434084e-05
0.000102652692354,0.000101846562
7.96477036448e-05,7.472387077e-05
7.96477036448e-05,7.456628439e-05
8.59244186874e-05,8.017192139e-05
0.000104025383677,0.0001004380855
6.61033404e-05,7.041136284e-05
0.000103871465104,9.941380545e-05
7.06288040058e-05,7.195287097e-05
0.000112972686839,0.0001252511947
9.85291354248e-05,9.565928017e-05
7.63946240363e-05,7.730536899e-05
8.04765829491e-05,7.938201085e-05
8.98336579369e-05,8.985817642e-05
7.43757410643e-05,7.261700328e-05
0.000106202349246,0.0001060802487
6.57218616419e-05,7.009684161e-05
0.000109613019596,0.000106994892
9.82838291852e-05,9.443774873e-05
9.69854742883e-05,9.064362659e-05
8.71350135801e-05,8.389401653e-05
7.88847461285e-05,7.398118011e-05
7.0700400483e-05,6.83936601e-05
8.75164923382e-05,8.428740397e-05
8.5161224309e-05,7.942772969e-05
0.000106468174831,0.0001114242351
8.13275954347e-05,7.852507469e-05
7.39062072875e-05,7.342409143e-05
9.76365248243e-05,9.442656765e-05
9.92920929411e-05,9.708873555e-05
6.99372061364e-05,7.048115427e-05
8.2941565468e-05,8.21886513e-05
9.79023504271e-05,9.355456409e-05
0.000101810152708,9.890774568e-05
8.91304623222e-05,8.663160618e-05
7.73585942837e-05,7.357830455e-05
0.000111828250565,0.0001198038416
9.48498254668e-05,9.14033999e-05
0.000125218753389,0.0001408383428
0.000100184703475,0.0001017366181
7.80501921351e-05,7.615291743e-05
7.73585942837e-05,7.327192695e-05
8.30595741505e-05,7.972519865e-05
0.000106202349246,0.0001052026865
7.71575815526e-05,7.679746284e-05
8.17090741929e-05,7.878734611e-05
9.60685982162e-05,9.091493288e-05
5.62393398267e-05,6.13617606e-05
0.000109994498354,0.00010563938
6.40422067321e-05,6.39192938e-05
7.76687133769e-05,7.592460592e-05
0.000105820870488,0.0001043339899
0.00011871424138,0.000130978646
7.39062072875e-05,7.376570058e-05
6.28972967653e-05,6.885189507e-05
0.000102727028829,9.661121856e-05
7.63946240363e-05,7.649537724e-05
7.15292797872e-05,7.583501621e-05
0.000103871465104,9.946121508e-05
7.88131496514e-05,7.644292468e-05
0.000102271213596,0.0001019908699
9.04809622798e-05,8.51830668e-05
9.36559259279e-05,9.495259553e-05
0.000110529895735,0.0001093100424
9.80180035824e-05,9.550401321e-05
8.25600867098e-05,7.998522204e-05
0.00010142867395,9.909081072e-05
7.9244091674e-05,8.15647247e-05
9.11077472776e-05,8.766799811e-05
7.69768786454e-05,7.553881292e-05
9.98032247165e-05,9.958866861e-05
8.9564086159e-05,8.556433545e-05
0.000105820870488,0.0001045431446
0.000101889734838,0.0001006750158
8.94521791787e-05,8.959925479e-05
8.55429399293e-05,7.987083467e-05
0.000103871465104,9.894452266e-05
7.88847461285e-05,7.407474879e-05
9.8910614183e-05,9.653633286e-05
5.91514860296e-05,6.61494581e-05
9.8910614183e-05,9.607873926e-05
8.47797455508e-05,8.017407448e-05
8.63058974456e-05,8.056951287e-05
9.56871194581e-05,9.208510275e-05
0.000102271213596,0.0001028063633
7.88626129158e-05,8.108373713e-05
8.45789696818e-05,8.174819241e-05
0.000109613019596,0.0001048862552
0.000103871465104,9.856109269e-05
0.000102573110225,9.770179503e-05
7.31432497712e-05,7.29746815e-05
9.69854742883e-05,9.051205048e-05
9.0215136695e-05,8.835240313e-05
8.82794498545e-05,8.471332312e-05
8.75164923382e-05,8.403475563e-05
7.81215518e-05,7.392153511e-05
9.18707047938e-05,8.898305166e-05
8.40678379064e-05,8.274153694e-05
7.02473252477e-05,7.250727489e-05
9.49378804675e-05,9.452355193e-05
0.000100566182233,0.0001010506897
6.32790123357e-05,6.555285095e-05
6.32790123357e-05,6.574185541e-05
9.44683467087e-05,9.089671512e-05
9.27633153454e-05,8.960152226e-05
6.9174011758e-05,7.309755892e-05
8.97180047635e-05,8.404407254e-05
9.98032247165e-05,0.0001022843119
9.56871194581e-05,9.055736296e-05
6.98658464895e-05,7.238346485e-05
8.05646379185e-05,7.775974296e-05
7.22265523777e-05,6.878728224e-05
8.75164923382e-05,8.420425919e-05
0.000112860779859,0.0001208506372
0.000103871465104,9.83086922e-05
9.60823167419e-05,9.366575025e-05
9.96735716993e-05,9.735662592e-05
6.36604910938e-05,6.56478543e-05
7.75390603107e-05,7.756860944e-05
7.51386985806e-05,7.32214518e-05
0.000102727028829,9.807361109e-05
7.26737160616e-05,7.505692869e-05
8.88011286427e-05,8.513390632e-05
0.000125218753389,0.000146536519
5.54761454482e-05,6.427312187e-05
0.00011871424138,0.0001288446128
0.000105169819952,0.0001024518743
6.98658464895e-05,7.245649158e-05
8.26780953924e-05,7.841206953e-05
0.000106332002312,0.0001113973455
8.66654798032e-05,8.43719399e-05
9.32744471698e-05,9.397746611e-05
0.000102191631467,9.982936485e-05
7.02473252477e-05,7.213121328e-05
7.88131496514e-05,7.629792293e-05
8.66160165568e-05,8.363469561e-05
0.000103489986346,9.906490168e-05
5.54761454482e-05,6.425972451e-05
7.2989509894e-05,6.930029778e-05
8.62840010451e-05,8.429426515e-05
8.17090741929e-05,7.866925809e-05
0.000112860779859,0.0001210227219
7.19107585453e-05,7.520768524e-05
7.26737160616e-05,7.615738275e-05
6.2134339249e-05,6.847769082e-05
4.84364729393e-05,5.9912638e-05
9.75208716689e-05,9.330151738e-05
6.84110542417e-05,7.296676174e-05
7.85032673704e-05,7.373240424e-05
8.62840010451e-05,8.404476088e-05
7.15292797872e-05,7.542512753e-05
0.000103489986346,9.827753362e-05
7.92662248867e-05,7.41953426e-05
8.53419271981e-05,8.254472362e-05
6.2134339249e-05,6.828425287e-05
7.9244091674e-05,8.077044031e-05
6.99372061364e-05,7.026554525e-05
9.44188834442e-05,9.608666911e-05
8.66654798032e-05,8.451626265e-05
7.39942623061e-05,7.238018865e-05
0.000106332002312,0.000110964298
8.94521791787e-05,8.862843659e-05
8.40678379064e-05,8.293283936e-05
8.5161224309e-05,8.029081384e-05
8.58530590405e-05,8.24995984e-05
5.62391029645e-05,6.405760659e-05
0.000113242258617,0.0001222731087
9.57008379838e-05,9.4057908e-05
0.000110375977112,0.0001056834277
7.93321466746e-05,7.890045129e-05
0.000104025383677,0.0001008496575
9.57008379838e-05,9.466351374e-05
0.000102271213596,0.0001036813921
7.15292797872e-05,7.502725906e-05
7.19107585453e-05,7.527685879e-05
6.28975335775e-05,6.577901468e-05
8.09461166766e-05,7.823896282e-05
7.62139211291e-05,7.578778822e-05
8.91826074008e-05,8.488629446e-05
6.17528604909e-05,6.858844588e-05
8.9564086159e-05,8.614004797e-05
8.95119410803e-05,8.72018959e-05
9.80180035824e-05,9.507730582e-05
6.98658464895e-05,7.194124023e-05
6.4041969852e-05,6.588709496e-05
8.83675048059e-05,8.635537374e-05
8.05646379185e-05,7.801384808e-05
8.9564086159e-05,8.567296218e-05
8.22966166342e-05,7.964976009e-05
4.91994304556e-05,5.992123735e-05
7.39942623061e-05,7.245421604e-05
0.000105057912972,0.0001035347349
8.78979710963e-05,8.441980866e-05
8.88011286427e-05,8.55052554e-05
9.75208716689e-05,9.271455729e-05
0.00010142867395,9.700401868e-05
4.84364729393e-05,5.992587574e-05
0.000105705217314,0.0001075775879
4.84364729393e-05,6.004605398e-05
9.60823167419e-05,9.653627005e-05
0.000114005216133,0.0001247186727
9.37053891924e-05,9.030643861e-05
7.22265523777e-05,6.885596917e-05
7.07001636527e-05,7.030014522e-05
8.496044844e-05,8.22076543e-05
0.000105169819952,0.0001022772898
0.00011871424138,0.0001284958071
0.000104025383677,0.0001005679718
8.2923401632e-05,8.230387626e-05
7.07001636527e-05,7.05591768e-05
0.000100184703475,0.0001032438097
7.02473252477e-05,7.221659414e-05
8.26780953924e-05,7.921695961e-05
8.33048803901e-05,8.325271296e-05
7.10102827639e-05,7.290694504e-05
7.84316708932e-05,7.623144913e-05
6.28972967653e-05,6.873437114e-05
7.97136254328e-05,7.901616522e-05
8.47797455508e-05,7.999114826e-05
9.40868679505e-05,9.066668472e-05
8.8748983564e-05,8.70410483e-05
6.9174011758e-05,7.360249838e-05
0.000107476438587,0.0001106501794
6.9174011758e-05,7.371396688e-05
6.4041969852e-05,6.609283357e-05
0.000111292853251,0.0001105938235
7.85032673704e-05,7.35766183e-05
9.60823167419e-05,9.444835321e-05
4.91994304556e-05,5.997624011e-05
9.40374046861e-05,9.684733382e-05
9.53193592256e-05,9.342557102e-05
0.000113623737375,0.0001212563293
0.000110529895735,0.0001089070408
5.83885285133e-05,6.563037248e-05
6.6954352917e-05,6.867259241e-05
6.25158180071e-05,6.815015924e-05
0.000110529895735,0.0001088902452
7.80996553995e-05,7.999788124e-05
0.000100566182233,0.0001038452604
9.29640911964e-05,8.6842188e-05
5.7002297343e-05,6.151604408e-05
8.5902522287e-05,8.407780066e-05
6.4041969852e-05,6.569202628e-05
7.84811341577e-05,8.118537718e-05
8.88011286427e-05,8.4562273e-05
9.60685982162e-05,9.141073107e-05
9.76365248243e-05,9.453037069e-05
0.00010150825608,9.993919173e-05
8.8748983564e-05,8.790476118e-05
8.05646379185e-05,7.78610374e-05
0.00011871424138,0.0001311630003
0.000105820870488,0.0001048811702
8.53419271981e-05,8.216615661e-05
8.91304623222e-05,8.739753786e-05
9.79023504271e-05,9.293193822e-05
9.49241619418e-05,9.09030098e-05
0.000112591208081,0.0001208700699
8.5902522287e-05,8.434254989e-05
0.000103489986346,9.851611783e-05
9.60685982162e-05,9.199027641e-05
8.04765829491e-05,7.897896908e-05
8.40167880345e-05,7.872787545e-05
7.97136254328e-05,7.836415547e-05
9.75208716689e-05,9.294482503e-05
6.2134339249e-05,6.883012556e-05
8.58530590405e-05,8.287575212e-05
0.000102271213596,0.0001038905572
8.62345377987e-05,8.292240898e-05
0.000114005216133,0.0001222971604
8.70469585614e-05,8.520888802e-05
0.000112209729323,0.0001210363829
6.49589041256e-05,7.079977202e-05
8.41974909237e-05,8.093914385e-05
7.67761027944e-05,7.693014224e-05
9.98032247165e-05,9.969355335e-05
9.66039955301e-05,9.144114147e-05
0.000111828250565,0.0001187723194
6.51866430066e-05,6.427314303e-05
8.33048803901e-05,8.228759016e-05
7.75390603107e-05,7.749039865e-05
7.26737160616e-05,7.603185515e-05
0.000106332002312,0.0001111275998
8.33048803901e-05,8.247419851e-05
9.6222516772e-05,9.060448904e-05
8.5902522287e-05,8.419556754e-05
9.69854742883e-05,9.133574748e-05
8.51614611711e-05,7.943322119e-05
7.43757410643e-05,7.261752041e-05
9.72550460662e-05,9.409528664e-05
0.000105057912972,0.0001039303835
8.95119410803e-05,8.889967112e-05
5.95329647877e-05,6.646996843e-05
8.54715802824e-05,8.244843725e-05
0.000109994498354,0.0001075465163
8.5161224309e-05,7.956991535e-05
7.73583574035e-05,7.620144701e-05
7.0700400483e-05,6.860214211e-05
7.19107585453e-05,7.588082208e-05
8.94521791787e-05,8.891933995e-05
9.53056407e-05,9.113901211e-05
6.28975335775e-05,6.56511842e-05
9.36559259279e-05,9.644681579e-05
8.55429399293e-05,7.960456058e-05
0.000118178844018,0.000121337442
6.48051642484e-05,6.412817446e-05
0.000105169819952,0.0001019898416
9.22011336801e-05,8.569663013e-05
8.26780953924e-05,7.851517765e-05
8.75164923382e-05,8.419461387e-05
7.22922373035e-05,7.610354521e-05
7.73585942837e-05,7.351552583e-05
6.61033404e-05,7.113770886e-05
0.000109613019596,0.000105896589
6.36604910938e-05,6.578430978e-05
8.71350135801e-05,8.381909282e-05
9.20003578291e-05,8.898041915e-05
7.51386985806e-05,7.295892412e-05
8.33048803901e-05,8.258503238e-05
9.92920929411e-05,9.716568731e-05
8.83675048059e-05,8.733614519e-05
0.000100566182233,0.0001008261098
9.98032247165e-05,0.00010098806
8.94521791787e-05,8.827052241e-05
7.10102827639e-05,7.208841045e-05
8.91304623222e-05,8.757074598e-05
0.000117797365259,0.0001202256232
6.44236854903e-05,6.396968821e-05
8.496044844e-05,8.160195216e-05
6.6954352917e-05,6.84785874e-05
7.93321466746e-05,7.839556759e-05
7.14633579992e-05,6.882369819e-05
0.00010543939173,0.0001041139011
5.66208185848e-05,6.136187115e-05
9.53193592256e-05,9.288526713e-05
6.53403828837e-05,7.02213608e-05
0.000119477198897,0.0001308853361
9.22011336801e-05,8.594610192e-05
8.05646379185e-05,7.783957611e-05
6.53403828837e-05,7.025779435e-05
7.88131496514e-05,7.63493425e-05
7.19107585453e-05,7.545770489e-05
8.88011286427e-05,8.524175638e-05
6.99372061364e-05,7.074073486e-05
7.22922373035e-05,7.544773074e-05
0.000118332762622,0.0001322860877
9.60685982162e-05,9.255909861e-05
6.48051642484e-05,6.419402633e-05
9.76365248243e-05,9.399252295e-05
9.18707047938e-05,8.873612712e-05
9.49241619418e-05,8.995795648e-05
9.05966154532e-05,9.000892583e-05
9.40374046861e-05,9.531282378e-05
7.19107585453e-05,7.599537019e-05
7.18448367574e-05,6.927458299e-05
6.17528604909e-05,6.836416664e-05
9.80180035824e-05,9.469027285e-05
0.000112860779859,0.0001192620072
8.17090741929e-05,7.874677496e-05
9.72550460662e-05,9.43291865e-05
7.84316708932e-05,7.625193017e-05
0.000118332762622,0.0001306999629
7.76687133769e-05,7.568384798e-05
0.000103489986346,9.774721699e-05
6.65728741588e-05,6.80133367e-05
9.00994835216e-05,8.366269111e-05
6.65728741588e-05,6.816424124e-05
9.0215136695e-05,8.846870459e-05
6.6954352917e-05,6.845959761e-05
8.82794498545e-05,8.493032463e-05
9.1819654922e-05,8.569349157e-05
9.98032247165e-05,9.947393906e-05
8.21786079517e-05,8.105383652e-05
7.88131496514e-05,7.655120387e-05
6.99372061364e-05,7.060089563e-05
8.40167880345e-05,7.966422406e-05
9.18707047938e-05,8.876143801e-05
0.000103871465104,9.953031806e-05
8.91826074008e-05,8.522430687e-05
7.39942623061e-05,7.223550644e-05
4.91994304556e-05,5.998749709e-05
0.000110375977112,0.0001061316821
6.57218616419e-05,7.035126448e-05
0.00010671348107,0.0001119183756
7.47572198224e-05,7.279258469e-05
7.93321466746e-05,7.81080106e-05
6.36604910938e-05,6.617157945e-05
0.00011871424138,0.0001333769522
9.49241619418e-05,9.055759586e-05
8.66654798032e-05,8.444731976e-05
7.10818792411e-05,6.856956283e-05
0.000109231540838,0.0001065650683
7.92662248867e-05,7.445704526e-05
8.71350135801e-05,8.393601625e-05
5.91514860296e-05,6.602090435e-05
8.21786079517e-05,7.89430609e-05
0.000119477198897,0.0001370706144
0.00010543939173,0.0001046590978
8.2923401632e-05,8.241749566e-05
0.000107094959829,0.000109706013
0.000124837274631,0.0001415927125
0.000112972686839,0.0001236246789
9.31447941036e-05,8.946168581e-05
8.04765829491e-05,7.950406786e-05
7.85030305581e-05,7.383170995e-05
0.000109994498354,0.0001074350402
8.51614611711e-05,7.939095206e-05
9.72550460662e-05,9.428955112e-05
6.49589041256e-05,7.044219234e-05
5.83885285133e-05,6.628408199e-05
7.0700400483e-05,6.841922326e-05
8.75164923382e-05,8.40460973e-05
9.36559259279e-05,9.456287516e-05
8.59244186874e-05,7.994664214e-05
0.000103108507587,9.718478909e-05
8.21786079517e-05,8.043143993e-05
9.72550460662e-05,9.488403832e-05
8.05646379185e-05,7.797778952e-05
0.00010150825608,0.0001012514271
5.91514860296e-05,6.572499089e-05
7.39942623061e-05,7.2608262e-05
0.000112591208081,0.0001235812344
0.000111674332009,0.0001112372446
0.00010671348107,0.0001107279921
9.25826124382e-05,8.636074083e-05
5.91514860296e-05,6.557657585e-05
0.000105705217314,0.0001093906953
9.40868679505e-05,9.086178817e-05
0.000105820870488,0.0001051642605
7.75390603107e-05,7.72413786e-05
7.67761027944e-05,7.75301622e-05
6.61033404e-05,7.101449774e-05
9.22011336801e-05,8.641808189e-05
8.51614611711e-05,7.974022067e-05
6.99372061364e-05,7.006999779e-05
7.39942623061e-05,7.231230429e-05
6.51866430066e-05,6.451055219e-05
9.29640911964e-05,8.673551097e-05
7.88131496514e-05,7.663152912e-05
8.59244186874e-05,8.027190069e-05
8.33048803901e-05,8.309568462e-05
4.88179516974e-05,5.996371283e-05
6.84110542417e-05,7.290318797e-05
9.14892260357e-05,8.869881692e-05
8.59244186874e-05,8.019931357e-05
8.66160165568e-05,8.33235913e-05
0.00010142867395,9.76879119e-05
7.35247285293e-05,7.332943607e-05
8.30595741505e-05,7.836045256e-05
9.14892260357e-05,8.811704729e-05
9.18707047938e-05,8.865460919e-05
0.000102727028829,9.677207301e-05
8.84196498846e-05,8.370086996e-05
7.73585942837e-05,7.401541143e-05
8.496044844e-05,8.21675809e-05
0.000111828250565,0.0001214201265
6.36604910938e-05,6.60527425e-05
0.000112591208081,0.0001186068323
0.000119477198897,0.0001310738918
0.000119477198897,0.0001352760986
9.25826124382e-05,8.628140648e-05
9.57008379838e-05,9.564190105e-05
8.78979710963e-05,8.436370144e-05
7.06288040058e-05,7.263406667e-05
4.88179516974e-05,5.983588737e-05
9.23818365873e-05,8.917152337e-05
8.84196498846e-05,8.530258922e-05
6.25158180071e-05,6.834063511e-05
8.91826074008e-05,8.582436294e-05
6.95554905161e-05,7.361663299e-05
0.000112591208081,0.0001228410124
7.07001636527e-05,7.110094394e-05
9.44188834442e-05,9.647885653e-05
6.87925329998e-05,7.296736111e-05
7.85030305581e-05,7.434557163e-05
7.92662248867e-05,7.431187755e-05
7.22922373035e-05,7.576213411e-05
8.04765829491e-05,7.883465373e-05
4.88179516974e-05,6.001255371e-05
0.000106202349246,0.0001056166406
0.000107094959829,0.0001133460098
9.6222516772e-05,9.049777084e-05
5.50946666901e-05,6.410187647e-05
7.84316708932e-05,7.59574138e-05
9.23818365873e-05,8.947975685e-05
0.000107476438587,0.0001108771065
0.000106086696073,0.0001138861876
9.53056407e-05,9.174192165e-05
8.25600867098e-05,8.166053051e-05
0.000118332762622,0.0001296949629
0.000102652692354,0.0001043463002
5.62393398267e-05,6.117066458e-05
8.19151378761e-05,7.955768149e-05
7.88626129158e-05,8.070796384e-05
7.69768786454e-05,7.60022146e-05
9.49241619418e-05,9.196400191e-05
6.99372061364e-05,7.067576755e-05
8.17971291935e-05,7.87915198e-05
9.44683467087e-05,9.120612293e-05
9.00994835216e-05,8.488373665e-05
0.000119477198897,0.0001334666075
8.66654798032e-05,8.483313608e-05
7.18448367574e-05,6.890923717e-05
7.19107585453e-05,7.559474843e-05
5.95329647877e-05,6.628461479e-05
0.000106468174831,0.0001093772171
8.36863591483e-05,8.326554696e-05
7.85032673704e-05,7.377226256e-05
9.11077472776e-05,8.746221118e-05
7.0700400483e-05,6.82863862e-05
7.93321466746e-05,7.876950441e-05
6.4041969852e-05,6.595751093e-05
8.22966166342e-05,7.973671403e-05
7.80996553995e-05,8.014224628e-05
7.80996553995e-05,8.071079419e-05
8.91826074008e-05,8.55522031e-05
9.04809622798e-05,8.452432987e-05
8.26780953924e-05,7.816598331e-05
8.9564086159e-05,8.604013679e-05
5.73837761011e-05,6.160749889e-05
0.00010142867395,9.675599792e-05
8.5902522287e-05,8.465678774e-05
0.000118332762622,0.0001292661127
9.00994835216e-05,8.389725526e-05
7.85032673704e-05,7.382142073e-05
9.92920929411e-05,9.681697257e-05
0.000107094959829,0.000112902158
8.71350135801e-05,8.403216849e-05
5.58576242064e-05,6.407182309e-05
7.22265523777e-05,6.857279561e-05
7.14633579992e-05,6.914961619e-05
0.000110529895735,0.0001091842101
0.000104025383677,0.0001002908431
9.83994823406e-05,9.521933236e-05
4.84364729393e-05,5.99175877e-05
0.000104406862436,0.0001012361511
0.000102727028829,9.758200632e-05
0.000110375977112,0.0001076236917
6.61913954007e-05,6.801963993e-05
8.58530590405e-05,8.281246432e-05
5.73837761011e-05,6.15636946e-05
7.22265523777e-05,6.873652312e-05
7.18448367574e-05,6.927387278e-05
0.000111674332009,0.0001115459079
7.88847461285e-05,7.409311124e-05
7.88847461285e-05,7.392935148e-05
8.98336579369e-05,8.928736417e-05
7.97136254328e-05,7.878117672e-05
0.000109994498354,0.0001063659603
9.37053891924e-05,9.038310296e-05
8.22966166342e-05,7.797734437e-05
9.32744471698e-05,9.126091698e-05
7.2989509894e-05,6.907185561e-05
6.84110542417e-05,7.258828069e-05
9.07262685194e-05,8.778953605e-05
8.17971291935e-05,8.045291538e-05
9.49378804675e-05,9.280180969e-05
9.66039955301e-05,9.131598779e-05
7.43757410643e-05,7.247222391e-05
6.9174011758e-05,7.270888733e-05
6.61913954007e-05,6.858246927e-05
7.22265523777e-05,6.838358912e-05
0.000124837274631,0.0001443662794
5.7002297343e-05,6.157736005e-05
9.44188834442e-05,9.817097078e-05
7.80501921351e-05,7.599300456e-05
8.62345377987e-05,8.273921782e-05
6.28972967653e-05,6.840263222e-05
0.000106332002312,0.0001097529298
5.66208185848e-05,6.150680368e-05
7.88626129158e-05,8.015520649e-05
9.49378804675e-05,9.288800713e-05
0.000102652692354,0.0001017677801
8.2923401632e-05,8.308646496e-05
7.73585942837e-05,7.366747101e-05
6.32790123357e-05,6.594823136e-05
0.000112972686839,0.0001220637915
7.88847461285e-05,7.39963445e-05
7.2989509894e-05,6.927582814e-05
0.000100947660991,0.0001016540081
0.000117415886501,0.0001187423856
7.92662248867e-05,7.42195639e-05
6.28972967653e-05,6.846938642e-05
9.48498254668e-05,9.149924811e-05
9.20003578291e-05,8.865500544e-05
4.88179516974e-05,5.995163797e-05
8.40167880345e-05,7.893191939e-05
9.14892260357e-05,8.835771772e-05
6.98658464895e-05,7.23030228e-05
7.51386985806e-05,7.316933898e-05
6.48051642484e-05,6.422730536e-05
6.73358316751e-05,6.832573609e-05
7.19107585453e-05,7.506102094e-05
7.26080311358e-05,6.900258179e-05
8.26780953924e-05,7.983258586e-05
8.04765829491e-05,7.854760764e-05
8.8748983564e-05,8.631095271e-05
5.66208185848e-05,6.111195991e-05
8.91826074008e-05,8.3980435e-05
7.15292797872e-05,7.577560394e-05
7.03186848946e-05,7.097735614e-05
0.000109994498354,0.0001062483279
9.83994823406e-05,9.583052443e-05
0.000106332002312,0.0001130581307
6.65728741588e-05,6.809520444e-05
7.9244091674e-05,8.15042143e-05
6.73358316751e-05,6.848479498e-05
0.000111828250565,0.0001167518419
9.60823167419e-05,9.644045524e-05
9.27633153454e-05,8.925265412e-05
0.000105705217314,0.0001123128407
9.8910614183e-05,9.619369164e-05
7.47572198224e-05,7.276235317e-05
0.000105705217314,0.0001121069654
7.2761771013e-05,7.327623028e-05
8.43982667927e-05,7.940819159e-05
7.26080311358e-05,6.879927196e-05
7.80996553995e-05,8.063809998e-05
5.83885285133e-05,6.604824751e-05
0.000119095720138,0.0001349717984
7.88131496514e-05,7.619637516e-05
9.29640911964e-05,8.679726477e-05
0.000117415886501,0.0001192351412
7.80501921351e-05,7.575528435e-05
7.35247285293e-05,7.353352083e-05
0.000117797365259,0.0001203589352
9.60823167419e-05,9.390191293e-05
6.4041969852e-05,6.562504844e-05
7.22922373035e-05,7.516877407e-05
8.19151378761e-05,7.850928626e-05
8.496044844e-05,8.190408797e-05
7.65953998872e-05,7.516778528e-05
9.44683467087e-05,9.107568212e-05
6.61033404e-05,7.078724538e-05
5.87700072714e-05,6.606990122e-05
0.000104406862436,0.0001008422581
7.65953998872e-05,7.558808249e-05
9.31447941036e-05,9.016234106e-05
7.88131496514e-05,7.63398424e-05
0.000109994498354,0.0001071421037
7.81215518e-05,7.426281146e-05
7.80501921351e-05,7.57245607e-05
9.05966154532e-05,8.877566927e-05
9.92920929411e-05,9.656615295e-05
0.000102271213596,0.0001011758437
8.5902522287e-05,8.440696252e-05
0.000112591208081,0.0001184316039
8.97180047635e-05,8.449423947e-05
9.32744471698e-05,9.256023142e-05
8.84196498846e-05,8.422945758e-05
8.05646379185e-05,7.787384135e-05
9.6222516772e-05,9.132175551e-05
8.05646379185e-05,7.809016079e-05
8.43982667927e-05,7.947181686e-05
9.60685982162e-05,9.233217248e-05
9.22011336801e-05,8.587295011e-05
7.84811341577e-05,8.125395567e-05
7.62139211291e-05,7.545674963e-05
9.00994835216e-05,8.467882714e-05
7.07001636527e-05,7.078118741e-05
8.54715802824e-05,8.208985276e-05
7.96477036448e-05,7.45468086e-05
6.57218616419e-05,7.024896732e-05
0.000113623737375,0.0001214084156
9.04809622798e-05,8.501663346e-05
7.96477036448e-05,7.459456265e-05
0.000118178844018,0.0001207562689
0.000119095720138,0.0001335530494
0.000114005216133,0.000126384643
0.000111828250565,0.0001165974059
7.51386985806e-05,7.328857142e-05
8.00951041909e-05,7.896948873e-05
8.59244186874e-05,7.996342406e-05
9.49241619418e-05,9.01938684e-05
7.51386985806e-05,7.337413749e-05
9.05966154532e-05,8.867272193e-05
0.000103108507587,9.846791532e-05
9.29640911964e-05,8.687190448e-05
8.41974909237e-05,8.12789397e-05
0.000101889734838,0.0001012723086
8.26780953924e-05,7.888478319e-05
8.40678379064e-05,8.320611036e-05
7.76687133769e-05,7.576888166e-05
5.91514860296e-05,6.608885409e-05
9.53193592256e-05,9.48587685e-05
8.25600867098e-05,7.947443814e-05
8.97180047635e-05,8.356889868e-05
8.5161224309e-05,7.963317699e-05
5.62391029645e-05,6.391996518e-05
9.69854742883e-05,9.152876416e-05
7.31432497712e-05,7.35441876e-05
9.05966154532e-05,8.930125656e-05
8.04765829491e-05,7.93132164e-05
9.44188834442e-05,9.30390857e-05
6.48051642484e-05,6.415860772e-05
7.14633579992e-05,6.895381813e-05
9.56871194581e-05,9.116386773e-05
0.000102573110225,9.850653177e-05
5.66208185848e-05,6.125480946e-05
7.31432497712e-05,7.305092821e-05
8.63058974456e-05,8.042487891e-05
8.05646379185e-05,7.800152561e-05
6.44236854903e-05,6.409628021e-05
7.69768786454e-05,7.50376098e-05
7.18448367574e-05,6.933743612e-05
0.000105705217314,0.0001112424767
9.08624410379e-05,8.539383627e-05
9.53056407e-05,9.079242503e-05
0.000103871465104,9.928661047e-05
8.22966166342e-05,7.955391948e-05
0.000104788341194,0.000102247729
9.49378804675e-05,9.270621422e-05
7.76687133769e-05,7.5597638e-05
9.49378804675e-05,9.224479311e-05
9.04809622798e-05,8.385590865e-05
8.54715802824e-05,8.231894157e-05
7.35247285293e-05,7.376708811e-05
7.18450736196e-05,6.844774423e-05
8.54715802824e-05,8.232117807e-05
8.83675048059e-05,8.703854052e-05
9.86653079434e-05,9.456683477e-05
6.95554905161e-05,7.344362112e-05
6.84110542417e-05,7.279265248e-05
7.85032673704e-05,7.383982116e-05
0.000105057912972,0.0001037041732
5.54761454482e-05,6.413232907e-05
0.000124837274631,0.0001432365776
7.22265523777e-05,6.860658951e-05
9.23818365873e-05,8.933431754e-05
9.20003578291e-05,8.877570327e-05
7.67761027944e-05,7.70009625e-05
6.32790123357e-05,6.549187985e-05
7.03186848946e-05,7.079573726e-05
0.000106086696073,0.0001105788777
8.43982667927e-05,7.988825171e-05
0.000117034407743,0.0001186692867
0.000103489986346,9.900018632e-05
6.17528604909e-05,6.84233369e-05
6.95557273783e-05,6.975938375e-05
0.000118178844018,0.0001205190913
8.54715802824e-05,8.221850428e-05
7.97136254328e-05,7.813799896e-05
7.88626129158e-05,8.102265778e-05
8.66160165568e-05,8.398657288e-05
7.07001636527e-05,7.043293807e-05
0.000109994498354,0.0001053669966
9.1819654922e-05,8.528085169e-05
0.000106468174831,0.000111614061
9.76365248243e-05,9.42343201e-05
7.67761027944e-05,7.736211026e-05
0.00010543939173,0.0001040237611
8.84196498846e-05,8.456067424e-05
7.73585942837e-05,7.337329109e-05
9.44683467087e-05,9.09395713e-05
0.000119477198897,0.0001336776284
0.000104788341194,0.0001018099829
6.32790123357e-05,6.568431469e-05
0.000125600232147,0.0001463187355
4.88179516974e-05,5.98854029e-05
7.96477036448e-05,7.45173587e-05
7.97136254328e-05,7.830437649e-05
0.000107476438587,0.00011408909
8.05646379185e-05,7.783712067e-05
8.63058974456e-05,8.073689807e-05
9.40868679505e-05,9.092631006e-05
7.26080311358e-05,6.887221781e-05
7.69768786454e-05,7.606025904e-05
0.000110375977112,0.0001078865825
6.32790123357e-05,6.56198288e-05
5.50946666901e-05,6.398474589e-05
6.95557273783e-05,7.073980624e-05
0.000100184703475,0.0001013690405
0.000107476438587,0.0001122764246
9.44188834442e-05,9.771911955e-05
8.33048803901e-05,8.217601196e-05
0.000109613019596,0.0001066821842
9.36559259279e-05,9.320936907e-05
9.8910614183e-05,9.629720815e-05
0.000103489986346,9.760855902e-05
9.53056407e-05,9.092265325e-05
8.59244186874e-05,8.011697037e-05
7.88847461285e-05,7.395525387e-05
7.85032673704e-05,7.363905721e-05
8.55429399293e-05,8.006449265e-05
0.000109231540838,0.0001044216398
8.00951041909e-05,7.842744648e-05
0.000109231540838,0.0001051920989
7.10818792411e-05,6.846594985e-05
8.88011286427e-05,8.580661289e-05
0.000106468174831,0.0001090231078
0.000101810152708,9.686400913e-05
9.66039955301e-05,9.117280616e-05
7.26737160616e-05,7.534474233e-05
6.49589041256e-05,7.024334455e-05
8.17971291935e-05,8.065191862e-05
8.70469585614e-05,8.528132257e-05
9.83994823406e-05,9.511398398e-05
6.9174011758e-05,7.324499804e-05
6.9174011758e-05,7.29647346e-05
0.000106332002312,0.0001094848935
9.8910614183e-05,9.679780803e-05
6.25158180071e-05,6.871941071e-05
0.000103108507587,9.786226998e-05
6.65728741588e-05,6.816926512e-05
7.73585942837e-05,7.380182848e-05
9.56871194581e-05,9.174322078e-05
9.73669530464e-05,9.213096505e-05
8.51614611711e-05,7.940715135e-05
0.000112591208081,0.0001241709625
5.66208185848e-05,6.125306745e-05
0.000102727028829,9.703007931e-05
0.00010543939173,0.0001045255305
0.000107476438587,0.0001142307347
8.71350135801e-05,8.375250951e-05
8.94521791787e-05,8.917474192e-05
5.73837761011e-05,6.143081854e-05
7.96477036448e-05,7.468790775e-05
8.30595741505e-05,8.011019747e-05
7.93321466746e-05,7.845276379e-05
8.09461166766e-05,7.818418847e-05
0.000119477198897,0.0001350653516
7.43757410643e-05,7.2533027e-05
6.87925329998e-05,7.329689451e-05
4.95809092137e-05,6.01102873e-05
0.000111292853251,0.0001105469727
7.97136254328e-05,7.844502711e-05
7.39942623061e-05,7.227994957e-05
8.17090741929e-05,7.866352079e-05
8.53419271981e-05,8.207135603e-05
9.22011336801e-05,8.587295944e-05
6.95554905161e-05,7.322553051e-05
8.00951041909e-05,7.850604863e-05
0.000101810152708,9.946187866e-05
0.000111674332009,0.0001109920411
8.9564086159e-05,8.419668267e-05
9.56871194581e-05,9.028261082e-05
0.000113623737375,0.0001252764725
5.50946666901e-05,6.378993077e-05
0.000117415886501,0.0001197202534
9.23818365873e-05,8.898200715e-05
7.73585942837e-05,7.312781279e-05
7.18450736196e-05,6.837809881e-05
9.31447941036e-05,9.004550554e-05
9.96735716993e-05,9.794361986e-05
6.95554905161e-05,7.331920676e-05
9.49378804675e-05,9.216070995e-05
0.00010543939173,0.0001045128917
7.84316708932e-05,7.578801194e-05
0.000100947660991,0.0001031895199
0.000102727028829,9.820022958e-05
8.8748983564e-05,8.564602285e-05
6.61033404e-05,7.10788636e-05
7.07001636527e-05,7.023932861e-05
7.69768786454e-05,7.572281333e-05
7.84811341577e-05,8.05839548e-05
0.000119477198897,0.0001366057935
7.9244091674e-05,8.162105219e-05
0.000105820870488,0.0001047437097
5.62391029645e-05,6.419245061e-05
0.000117034407743,0.0001189429593
6.51866430066e-05,6.435678585e-05
0.000101810152708,9.923364575e-05
6.95557273783e-05,7.015371033e-05
8.55429399293e-05,7.965182953e-05
8.94521791787e-05,8.952091558e-05
7.26080311358e-05,6.857482183e-05
9.20003578291e-05,8.911607053e-05
0.00010543939173,0.0001038161844
4.91994304556e-05,6.006085239e-05
0.000101889734838,0.0001027947254
6.49589041256e-05,7.016877118e-05
9.86653079434e-05,9.440640804e-05
8.91826074008e-05,8.43469928e-05
7.65953998872e-05,7.586440707e-05
8.2941565468e-05,8.109276523e-05
9.48498254668e-05,9.139720442e-05
9.83994823406e-05,9.541134505e-05
8.5161224309e-05,7.993899827e-05
9.83994823406e-05,9.531222383e-05
8.83675048059e-05,8.714789595e-05
8.66160165568e-05,8.354559302e-05
0.00010150825608,0.0001014371671
4.88179516974e-05,6.006018727e-05
0.000118178844018,0.0001209365606
5.95329647877e-05,6.60135518e-05
8.78979710963e-05,8.449454409e-05
6.98658464895e-05,7.208973693e-05
7.73585942837e-05,7.38615804e-05
7.2761771013e-05,7.29148209e-05
7.47572198224e-05,7.302349861e-05
7.02473252477e-05,7.229365786e-05
7.81215518e-05,7.368632518e-05
8.47797455508e-05,7.970277355e-05
0.000112209729323,0.0001224093464
7.81215518e-05,7.42027148e-05
0.000107094959829,0.0001147254499
0.000103871465104,9.883172954e-05
9.32744471698e-05,9.535609421e-05
7.26080311358e-05,6.863551633e-05
7.73583574035e-05,7.614323421e-05
0.000106332002312,0.0001084946568
7.73583574035e-05,7.549545889e-05
0.000125600232147,0.0001421963025
0.000111292853251,0.00011032383
9.80180035824e-05,9.532166593e-05
6.2134339249e-05,6.829651179e-05
5.7002297343e-05,6.147414628e-05
0.000106468174831,0.000114813304
7.92662248867e-05,7.423684236e-05
6.49589041256e-05,7.00656219e-05
5.95329647877e-05,6.634886981e-05
0.000103108507587,9.77198154e-05
0.000104788341194,0.0001020755698
9.18707047938e-05,8.856283933e-05
8.21786079517e-05,8.01593589e-05
7.69768786454e-05,7.61144687e-05
7.2761771013e-05,7.333663995e-05
7.2989509894e-05,6.921793074e-05
7.0700400483e-05,6.859182984e-05
0.000110529895735,0.0001090452745
0.00011871424138,0.0001340016044
8.5902522287e-05,8.400933506e-05
9.22011336801e-05,8.600269982e-05
6.25158180071e-05,6.841075121e-05
9.44188834442e-05,9.45643909e-05
7.69768786454e-05,7.49052774e-05
6.36604910938e-05,6.598614115e-05
8.71350135801e-05,8.370575992e-05
7.76687133769e-05,7.551664704e-05
7.10818792411e-05,6.909542622e-05
7.0700400483e-05,6.879794072e-05
8.33048803901e-05,8.344332841e-05
0.000102652692354,0.000102367727
0.000113623737375,0.0001230713372
5.95329647877e-05,6.594738255e-05
9.6222516772e-05,9.024377391e-05
0.000125981710905,0.0001438010801
6.53403828837e-05,7.100316159e-05
0.000107476438587,0.0001143632909
8.55429399293e-05,7.980184222e-05
0.000110529895735,0.0001091964132
5.62393398267e-05,6.136254669e-05
7.03186848946e-05,7.059849408e-05
8.91304623222e-05,8.839893888e-05
9.82838291852e-05,9.416969387e-05
7.15292797872e-05,7.488976122e-05
9.1819654922e-05,8.545628596e-05
7.88626129158e-05,8.049443401e-05
9.60823167419e-05,9.435001276e-05
9.05966154532e-05,9.024710454e-05
0.000102727028829,9.831418377e-05
8.66160165568e-05,8.363370217e-05
0.000105820870488,0.0001052991125
7.2989509894e-05,6.914503859e-05
8.98336579369e-05,8.881982212e-05
7.47572198224e-05,7.29242814e-05
7.10102827639e-05,7.205729024e-05
0.000109994498354,0.0001069020924
8.45789696818e-05,8.132550632e-05
6.6954352917e-05,6.852356982e-05
5.73837761011e-05,6.154114696e-05
8.97180047635e-05,8.409109518e-05
6.57218616419e-05,7.09214493e-05
7.88131496514e-05,7.63891399e-05
8.5902522287e-05,8.427246694e-05
7.22265523777e-05,6.849444172e-05
8.82794498545e-05,8.510205097e-05
8.36863591483e-05,8.294865893e-05
8.2941565468e-05,8.135877977e-05
6.53403828837e-05,7.039982434e-05
9.82838291852e-05,9.416575668e-05
7.10818792411e-05,6.87680175e-05
0.000125600232147,0.000141974759
7.85030305581e-05,7.46810851e-05
6.28972967653e-05,6.896573213e-05
9.11077472776e-05,8.771890454e-05
0.000105057912972,0.0001036419235
5.62391029645e-05,6.399197602e-05
0.000102727028829,9.865626871e-05
0.000112209729323,0.0001214050385
9.05966154532e-05,8.886746156e-05
7.73583574035e-05,7.529906679e-05
7.2761771013e-05,7.280255719e-05
9.6222516772e-05,9.094586243e-05
4.95809092137e-05,6.002219004e-05
8.53419271981e-05,8.234720799e-05
0.000117415886501,0.0001195620801
0.000109994498354,0.0001055114568
7.10818792411e-05,6.891410397e-05
9.85291354248e-05,9.624884021e-05
6.95557273783e-05,6.989936504e-05
0.000104025383677,0.0001007635609
0.000110529895735,0.0001094684964
9.86653079434e-05,9.51665604e-05
0.000112209729323,0.0001215586934
8.13275954347e-05,7.83604781e-05
0.000125218753389,0.000143306666
8.55429399293e-05,7.97322772e-05
0.000119095720138,0.0001294623777
0.00010150825608,0.0001023840057
9.00994835216e-05,8.448030686e-05
5.73837761011e-05,6.150000084e-05
8.19151378761e-05,7.861403102e-05
6.17528604909e-05,6.812276383e-05
6.28975335775e-05,6.552261494e-05
7.75390603107e-05,7.730686385e-05
9.23818365873e-05,8.934275167e-05
6.53403828837e-05,7.066578022e-05
8.2923401632e-05,8.26876658e-05
5.73837761011e-05,6.135947829e-05
7.15292797872e-05,7.495657659e-05
9.53056407e-05,9.103694151e-05
0.000119095720138,0.0001296695333
0.000124837274631,0.0001397138188
7.26080311358e-05,6.874678654e-05
8.78979710963e-05,8.464824828e-05
9.49241619418e-05,9.216052781e-05
9.40868679505e-05,9.057661621e-05
7.85032673704e-05,7.364580209e-05
0.000124837274631,0.0001434073582
6.32790123357e-05,6.594336768e-05
8.8748983564e-05,8.68683921e-05
0.00010543939173,0.0001042847419
9.72550460662e-05,9.397921942e-05
6.99372061364e-05,7.054325117e-05
0.000110911374493,0.0001100600509
8.53419271981e-05,8.261856411e-05
6.48051642484e-05,6.429125648e-05
6.84110542417e-05,7.322743242e-05
8.94521791787e-05,8.807777809e-05
8.36863591483e-05,8.246204024e-05
8.2941565468e-05,8.056333638e-05
9.1819654922e-05,8.547499955e-05
9.66039955301e-05,9.096553921e-05
8.41974909237e-05,8.166662698e-05
9.96735716993e-05,9.738527048e-05
8.95119410803e-05,8.637254488e-05
8.05646379185e-05,7.793011436e-05
9.40374046861e-05,9.701572107e-05
8.63058974456e-05,8.032591329e-05
8.47797455508e-05,8.005664798e-05
9.1819654922e-05,8.536665637e-05
7.15292797872e-05,7.548998111e-05
0.000100184703475,0.000100013314
8.91826074008e-05,8.601526217e-05
0.000109231540838,0.0001046944451
9.85291354248e-05,9.578292766e-05
0.000106202349246,0.000105958864
6.40422067321e-05,6.369173492e-05
0.000104788341194,0.0001018143006
8.71350135801e-05,8.373603911e-05
9.60685982162e-05,9.211816457e-05
8.25600867098e-05,7.98977289e-05
8.62840010451e-05,8.492555602e-05
7.02473252477e-05,7.178393693e-05
0.000111828250565,0.000118199901
8.53419271981e-05,8.19653527e-05
0.000114005216133,0.0001225931985
8.04765829491e-05,7.891178633e-05
9.08624410379e-05,8.549271458e-05
8.62345377987e-05,8.263357081e-05
8.84196498846e-05,8.513065965e-05
7.75390603107e-05,7.695357317e-05
9.79023504271e-05,9.382408966e-05
0.000117034407743,0.0001185232826
8.51614611711e-05,7.936518872e-05
0.000103871465104,9.914135514e-05
0.000110375977112,0.0001075047178
7.26737160616e-05,7.51403591e-05
8.62345377987e-05,8.31834131e-05
9.11077472776e-05,8.817209284e-05
7.26737160616e-05,7.555770673e-05
0.00010543939173,0.0001043737192
8.84196498846e-05,8.356153227e-05
6.6954352917e-05,6.839165642e-05
0.000109613019596,0.0001050334648
9.49241619418e-05,9.184862454e-05
0.000106202349246,0.0001053526787
8.5902522287e-05,8.36671427e-05
9.07262685194e-05,8.769988103e-05
7.43757410643e-05,7.288062687e-05
6.65728741588e-05,6.860086522e-05
6.73358316751e-05,6.840680558e-05
4.84364729393e-05,5.977879295e-05
9.18707047938e-05,8.84616041e-05
9.53193592256e-05,9.27360791e-05
7.84316708932e-05,7.6299161e-05
9.73669530464e-05,9.089937663e-05
6.25158180071e-05,6.889672392e-05
8.54715802824e-05,8.266227721e-05
9.32744471698e-05,9.280226647e-05
0.000102573110225,9.911595989e-05
0.000117415886501,0.0001198454037
9.23818365873e-05,8.885496275e-05
9.66039955301e-05,9.013553481e-05
9.37053891924e-05,9.022232922e-05
6.28975335775e-05,6.558715688e-05
7.22265523777e-05,6.878340827e-05
0.000105169819952,0.0001024397804
0.000107476438587,0.0001107679376
8.58530590405e-05,8.236290455e-05
0.000118178844018,0.0001210352838
0.000104025383677,0.0001006014837
7.96477036448e-05,7.451870075e-05
7.9244091674e-05,8.143570082e-05
9.20003578291e-05,8.875186077e-05
8.45789696818e-05,8.191413342e-05
7.65953998872e-05,7.597649431e-05
8.53419271981e-05,8.208375181e-05
8.91304623222e-05,8.671598128e-05
9.07262685194e-05,8.726563015e-05
9.36559259279e-05,9.355957698e-05
7.93321466746e-05,7.895831089e-05
7.96477036448e-05,7.458470352e-05
8.62840010451e-05,8.486158839e-05
9.08624410379e-05,8.508215976e-05
0.000109613019596,0.0001064411714
0.000109994498354,0.0001061164504
8.45789696818e-05,8.120781263e-05
9.07262685194e-05,8.742650395e-05
8.26780953924e-05,7.9919905e-05
7.84811341577e-05,8.137003956e-05
6.53403828837e-05,7.033249524e-05
6.53403828837e-05,7.082870552e-05
0.000112972686839,0.0001216429799
8.36863591483e-05,8.25607568e-05
0.000117034407743,0.0001186054396
8.82794498545e-05,8.496299592e-05
0.000125981710905,0.0001439820846
9.86653079434e-05,9.408242595e-05
9.27633153454e-05,8.951077975e-05
9.27633153454e-05,8.989644337e-05
6.87925329998e-05,7.303097319e-05
5.91514860296e-05,6.593071382e-05
8.45789696818e-05,8.165187514e-05
9.53056407e-05,9.239277634e-05
9.82838291852e-05,9.385363941e-05
9.48498254668e-05,9.131195396e-05
7.31432497712e-05,7.308046846e-05
0.00010671348107,0.0001141278081
0.00010150825608,0.0001006550379
0.000109231540838,0.0001059964403
7.19107585453e-05,7.492050833e-05
9.29640911964e-05,8.662008769e-05
9.53193592256e-05,9.265141071e-05
6.95557273783e-05,7.001691232e-05
7.75390603107e-05,7.783189216e-05
6.95554905161e-05,7.368269827e-05
0.000104788341194,0.0001021224527
8.91826074008e-05,8.465145824e-05
7.73583574035e-05,7.517017851e-05
4.88179516974e-05,5.993244295e-05
7.88626129158e-05,8.031819143e-05
0.000112972686839,0.0001256199697
6.95554905161e-05,7.338395312e-05
8.53419271981e-05,8.188680453e-05
0.000113623737375,0.0001196313174
7.26080311358e-05,6.90651738e-05
0.000107094959829,0.0001099508527
7.18448367574e-05,6.883959634e-05
6.28975335775e-05,6.590878944e-05
6.28975335775e-05,6.545711474e-05
7.51386985806e-05,7.305984393e-05
8.66654798032e-05,8.402675013e-05
0.000118178844018,0.0001208998124
9.96735716993e-05,9.760061582e-05
0.000102573110225,9.946317082e-05
6.2134339249e-05,6.854857614e-05
0.00010671348107,0.0001089178028
8.04765829491e-05,7.944596527e-05
9.73669530464e-05,9.160688964e-05
7.39942623061e-05,7.23643554e-05
6.61033404e-05,7.034555495e-05
0.000107094959829,0.0001113645186
8.75164923382e-05,8.427394864e-05
7.07001636527e-05,7.104464934e-05
9.82838291852e-05,9.401011117e-05
9.57008379838e-05,9.58419713e-05
4.95809092137e-05,5.995890411e-05
6.32790123357e-05,6.554768953e-05
6.84110542417e-05,7.266253697e-05
8.8748983564e-05,8.548888149e-05
0.000102191631467,9.83329195e-05
9.29640911964e-05,8.724775903e-05
6.53403828837e-05,7.072342099e-05
9.00994835216e-05,8.352054988e-05
8.09461166766e-05,7.803086385e-05
8.63058974456e-05,8.055868695e-05
7.88847461285e-05,7.387991083e-05
9.60685982162e-05,9.067602325e-05
9.72550460662e-05,9.460993328e-05
9.79023504271e-05,9.339149951e-05
0.00010150825608,0.0001001080515
5.58576242064e-05,6.407786724e-05
0.000105323738556,0.000110461319
9.6222516772e-05,9.08250017e-05
5.54761454482e-05,6.383125165e-05
0.00010543939173,0.0001044058594
7.97136254328e-05,7.851832802e-05
7.0700400483e-05,6.867397771e-05
9.75208716689e-05,9.296089266e-05
9.1819654922e-05,8.59123418e-05
6.44236854903e-05,6.38495568e-05
5.58576242064e-05,6.401201253e-05
9.00994835216e-05,8.459638083e-05
9.05966154532e-05,8.921833607e-05
0.000111674332009,0.0001114413063
9.14892260357e-05,8.79061336e-05
7.85032673704e-05,7.364744287e-05
0.000100566182233,0.0001023959183
8.88011286427e-05,8.376821383e-05
7.62139211291e-05,7.509965721e-05
8.54715802824e-05,8.199554199e-05
5.66208185848e-05,6.132501109e-05
0.000106086696073,0.0001084619752
7.67761027944e-05,7.718335657e-05
5.50946666901e-05,6.398698555e-05
0.000119477198897,0.0001368715291
8.59244186874e-05,8.033900132e-05
0.000117797365259,0.0001201347025
7.15292797872e-05,7.571072548e-05
7.19107585453e-05,7.483751564e-05
5.87700072714e-05,6.594154798e-05
7.39062072875e-05,7.392996574e-05
9.80180035824e-05,9.496264022e-05
0.00010543939173,0.0001039251157
6.2134339249e-05,6.877526678e-05
8.13275954347e-05,7.830853551e-05
0.000106468174831,0.000115000851
0.00010150825608,0.0001007362548
6.65728741588e-05,6.837452188e-05
0.000102191631467,9.896727636e-05
9.48498254668e-05,9.15452529e-05
6.49589041256e-05,7.031055739e-05
0.000100566182233,0.0001039830889
9.53056407e-05,9.219533832e-05
8.22966166342e-05,7.810851626e-05
8.51614611711e-05,7.925483565e-05
9.86653079434e-05,9.462874643e-05
4.91994304556e-05,6.000569326e-05
5.7002297343e-05,6.140066186e-05
8.82794498545e-05,8.48884049e-05
6.53403828837e-05,7.008385916e-05
0.000109613019596,0.0001062903619
7.88131496514e-05,7.651732793e-05
6.40422067321e-05,6.376140573e-05
9.40374046861e-05,9.545857916e-05
0.000125981710905,0.0001433801859
0.000104406862436,0.0001015912087
8.00951041909e-05,7.890048695e-05
8.53419271981e-05,8.225984487e-05
9.44188834442e-05,9.803775221e-05
8.70469585614e-05,8.54050406e-05
7.22922373035e-05,7.563731385e-05
6.95554905161e-05,7.30336472e-05
7.88847461285e-05,7.402436934e-05
9.27633153454e-05,8.979757851e-05
5.91514860296e-05,6.638777213e-05
0.000117415886501,0.0001189413171
0.00010142867395,9.842721631e-05
6.32790123357e-05,6.575057853e-05
9.22011336801e-05,8.578283323e-05
8.43982667927e-05,7.871685668e-05
0.000125218753389,0.0001448463595
0.000104788341194,0.0001019241924
0.000111674332009,0.0001108316883
6.4041969852e-05,6.62786521e-05
6.61033404e-05,7.044618356e-05
9.75208716689e-05,9.322830021e-05
0.00010142867395,9.688903764e-05
8.75164923382e-05,8.412367235e-05
0.000113242258617,0.0001238169136
4.91994304556e-05,5.994581729e-05
4.84364729393e-05,6.007369681e-05
5.62391029645e-05,6.412743388e-05
8.66160165568e-05,8.322158844e-05
0.000106468174831,0.0001092098784
9.22011336801e-05,8.594225413e-05
8.25600867098e-05,8.006409702e-05
6.73358316751e-05,6.899806524e-05
0.000110911374493,0.0001098498579
8.8748983564e-05,8.771477628e-05
6.95557273783e-05,7.048642619e-05
6.65728741588e-05,6.847051618e-05
0.000112972686839,0.0001198236726
0.000117415886501,0.0001190799852
9.48498254668e-05,9.139531865e-05
9.86653079434e-05,9.476784581e-05
7.9244091674e-05,8.100922196e-05
8.9564086159e-05,8.623067731e-05
8.53419271981e-05,8.225196092e-05
0.000102271213596,0.0001037913747
7.18450736196e-05,6.850247364e-05
0.000113242258617,0.0001224100081
5.91514860296e-05,6.59913111e-05
9.53056407e-05,9.229901848e-05
0.000124837274631,0.0001398868098
8.2941565468e-05,8.040792715e-05
9.40868679505e-05,9.076355483e-05
7.84811341577e-05,8.044885161e-05
0.000111292853251,0.0001107403638
8.63058974456e-05,8.067997917e-05
8.17971291935e-05,7.997517373e-05
8.59244186874e-05,8.021586604e-05
7.26737160616e-05,7.542180837e-05
7.10102827639e-05,7.262899727e-05
8.84196498846e-05,8.551268165e-05
8.53419271981e-05,8.245638445e-05
8.53419271981e-05,8.236484182e-05
9.40868679505e-05,9.06611452e-05
6.61033404e-05,7.07171633e-05
9.27633153454e-05,9.0099354e-05
7.47572198224e-05,7.308639107e-05
8.04765829491e-05,7.863649441e-05
9.36559259279e-05,9.483483462e-05
8.5902522287e-05,8.458459893e-05
0.000101889734838,0.0001019245407
7.80501921351e-05,7.621002921e-05
9.20003578291e-05,8.922207256e-05
8.17090741929e-05,7.880934913e-05
8.83675048059e-05,8.506316434e-05
9.56871194581e-05,9.243192612e-05
9.80180035824e-05,9.497286883e-05
6.48051642484e-05,6.393497362e-05
0.000110375977112,0.0001079995831
0.000100947660991,0.0001049983057
5.54761454482e-05,6.390319517e-05
0.000106468174831,0.0001095300723
0.000125600232147,0.0001445818157
7.9244091674e-05,8.051603608e-05
0.000112209729323,0.0001221909837
7.03186848946e-05,7.08607926e-05
8.70469585614e-05,8.467452585e-05
8.25600867098e-05,8.088602499e-05
6.57218616419e-05,7.049354822e-05
6.53403828837e-05,7.089020675e-05
8.91304623222e-05,8.608330065e-05
7.9244091674e-05,8.0283873e-05
9.23818365873e-05,8.865590402e-05
7.80501921351e-05,7.591543027e-05
0.000105057912972,0.0001037542773
6.6954352917e-05,6.832447322e-05
9.23818365873e-05,8.96009643e-05
6.61913954007e-05,6.82676498e-05
5.91514860296e-05,6.565468884e-05
8.40167880345e-05,7.960376755e-05
8.53419271981e-05,8.199076406e-05
6.17528604909e-05,6.823000208e-05
5.54761454482e-05,6.409530384e-05
8.70469585614e-05,8.435653122e-05
7.77400730419e-05,7.371597169e-05
8.55429399293e-05,7.957022455e-05
9.69854742883e-05,9.165423745e-05
8.21786079517e-05,7.902229667e-05
8.66654798032e-05,8.469776906e-05
7.18450736196e-05,6.824789699e-05
0.000106086696073,0.0001086120738
0.000102271213596,0.0001026171779
9.37053891924e-05,9.058944088e-05
0.000109231540838,0.000106675025
8.58530590405e-05,8.309133358e-05
0.000119095720138,0.0001323048388
0.000101889734838,0.0001010855214
8.91304623222e-05,8.74881841e-05
8.41974909237e-05,8.164067868e-05
6.98658464895e-05,7.200459781e-05
0.000102191631467,9.95024184e-05
7.39062072875e-05,7.404907447e-05
7.62139211291e-05,7.53393309e-05
9.6222516772e-05,9.110900889e-05
9.20003578291e-05,8.899580152e-05
0.000110375977112,0.0001076114323
8.95119410803e-05,8.80271751e-05
9.76365248243e-05,9.484452766e-05
0.000105323738556,0.0001113057134
8.40678379064e-05,8.303636816e-05
8.21786079517e-05,8.094803466e-05
6.44236854903e-05,6.413987595e-05
7.80996553995e-05,8.046342286e-05
0.00010142867395,9.743243255e-05
5.62393398267e-05,6.140266502e-05
5.62393398267e-05,6.134148695e-05
9.32744471698e-05,9.519248996e-05
7.51386985806e-05,7.310530324e-05
8.75164923382e-05,8.436661884e-05
0.000124837274631,0.0001447733828
0.000102573110225,9.977966301e-05
8.2923401632e-05,8.260786602e-05
9.11077472776e-05,8.733898188e-05
8.40167880345e-05,7.855749564e-05
0.000106086696073,0.0001082966888
0.000105820870488,0.0001045122489
0.000109994498354,0.0001051953217
0.000111674332009,0.0001114179557
0.000112591208081,0.0001187657357
8.5902522287e-05,8.47794193e-05
8.04765829491e-05,7.875277353e-05
0.000105323738556,0.0001082200931
7.0700400483e-05,6.846733948e-05
7.35247285293e-05,7.346557093e-05
5.54761454482e-05,6.402840054e-05
9.23818365873e-05,8.908117095e-05
0.000112860779859,0.0001194103368
4.95809092137e-05,5.997671917e-05
0.000111292853251,0.000110465408
7.84316708932e-05,7.590119887e-05
8.19151378761e-05,7.839072633e-05
8.83675048059e-05,8.528820571e-05
7.2761771013e-05,7.306417161e-05
0.000125981710905,0.0001502500651
8.09461166766e-05,7.83998968e-05
8.84196498846e-05,8.435353602e-05
9.0215136695e-05,8.955867451e-05
9.57008379838e-05,9.48453815e-05
9.56871194581e-05,9.253608208e-05
8.82794498545e-05,8.480379934e-05
6.53403828837e-05,7.053216953e-05
0.000117797365259,0.0001199857941
5.73837761011e-05,6.172601102e-05
6.40422067321e-05,6.398260668e-05
9.1819654922e-05,8.554783103e-05
9.40374046861e-05,9.40077869e-05
0.000110529895735,0.0001090333971
7.15292797872e-05,7.510347883e-05
8.36863591483e-05,8.317395192e-05
6.61033404e-05,7.064692237e-05
9.69854742883e-05,9.110779303e-05
0.000104406862436,0.0001011977587
5.83885285133e-05,6.541914507e-05
7.47572198224e-05,7.29137957e-05
0.000118178844018,0.0001214665836
9.79023504271e-05,9.373736867e-05
7.47572198224e-05,7.289381987e-05
6.36604910938e-05,6.61154129e-05
7.35247285293e-05,7.325041503e-05
8.98336579369e-05,8.815456013e-05
9.31447941036e-05,9.048815402e-05
0.000112591208081,0.000123998566
8.47797455508e-05,7.902750167e-05
0.000112972686839,0.0001196611562
6.99372061364e-05,6.986926372e-05
0.000110911374493,0.0001096604385
8.70469585614e-05,8.451243105e-05
0.00010671348107,0.0001123562787
9.57008379838e-05,9.55246727e-05
0.000104025383677,0.000100816972
7.2761771013e-05,7.320926573e-05
5.54761454482e-05,6.415207765e-05
6.28975335775e-05,6.572049604e-05
0.000112591208081,0.0001225047189
9.96735716993e-05,9.711257916e-05
0.000110375977112,0.000107217275
6.9174011758e-05,7.34246349e-05
7.15292797872e-05,7.517252049e-05
0.000114005216133,0.0001209394721
8.13275954347e-05,7.838911516e-05
8.5161224309e-05,8.040853433e-05
6.40422067321e-05,6.382550757e-05
0.000100184703475,0.000104573903
9.76365248243e-05,9.519052025e-05
0.000117415886501,0.0001192448782
7.47572198224e-05,7.269131073e-05
9.20003578291e-05,8.888312348e-05
6.32790123357e-05,6.535185875e-05
9.60685982162e-05,9.152546056e-05
0.000102652692354,0.0001035232395
5.50946666901e-05,6.420478502e-05
7.07001636527e-05,7.071893319e-05
0.000106468174831,0.0001138434758
9.14892260357e-05,8.844026378e-05
8.22966166342e-05,7.869463392e-05
0.000110375977112,0.0001064462029
9.31447941036e-05,9.027127436e-05
0.000114005216133,0.0001227184505
6.65728741588e-05,6.866137558e-05
9.1819654922e-05,8.604709164e-05
0.000125600232147,0.0001423933832
7.51386985806e-05,7.344789254e-05
8.40678379064e-05,8.394505154e-05
6.73358316751e-05,6.875664563e-05
7.26080311358e-05,6.869292981e-05
8.47797455508e-05,7.976197273e-05
0.00010142867395,9.919791908e-05
8.54715802824e-05,8.189077518e-05
0.000100184703475,0.0001031205499
8.25600867098e-05,8.145784323e-05
8.88011286427e-05,8.390794327e-05
7.84811341577e-05,8.051942926e-05
8.5902522287e-05,8.374824882e-05
9.92920929411e-05,9.635643217e-05
0.000110375977112,0.0001073728027
5.83885285133e-05,6.61100135e-05
0.000118178844018,0.0001210905818
0.000102652692354,0.0001016730895
7.84811341577e-05,8.011794641e-05
0.000102271213596,0.000101330918
7.69768786454e-05,7.523451522e-05
6.48051642484e-05,6.41834823e-05
0.000110529895735,0.0001096313705
9.31447941036e-05,8.974084882e-05
8.40167880345e-05,7.918282349e-05
9.36559259279e-05,9.345425006e-05
8.22966166342e-05,7.83244652e-05
7.71575815526e-05,7.724896404e-05
5.83885285133e-05,6.577345161e-05
7.03186848946e-05,7.012268464e-05
0.000125981710905,0.0001464061588
8.51614611711e-05,7.953421156e-05
4.95809092137e-05,6.005508263e-05
5.66208185848e-05,6.131499866e-05
0.000118178844018,0.0001208930335
6.6954352917e-05,6.879929054e-05
8.83675048059e-05,8.576818238e-05
0.000118178844018,0.0001207440807
7.69768786454e-05,7.516376102e-05
4.84364729393e-05,6.001825498e-05
7.9244091674e-05,8.069999175e-05
8.58530590405e-05,8.196880115e-05
8.40167880345e-05,7.930521325e-05
7.84316708932e-05,7.63403142e-05
0.00011871424138,0.0001324886287
9.96735716993e-05,9.729032294e-05
9.53056407e-05,9.150275387e-05
6.25158180071e-05,6.834844369e-05
7.80996553995e-05,8.007406752e-05
6.40422067321e-05,6.404154139e-05
7.85030305581e-05,7.41320085e-05
9.75208716689e-05,9.302519409e-05
0.000111828250565,0.0001199962298
9.60823167419e-05,9.528087352e-05
0.000117415886501,0.0001195235918
7.96477036448e-05,7.479319345e-05
8.496044844e-05,8.208810407e-05
0.00010671348107,0.000109160024
7.97136254328e-05,7.87123937e-05
6.6954352917e-05,6.816806735e-05
8.33048803901e-05,8.277594783e-05
8.21786079517e-05,8.026288852e-05
0.000106086696073,0.0001137232999
8.17971291935e-05,7.865232401e-05
9.20003578291e-05,8.855248833e-05
4.84364729393e-05,5.989029832e-05
7.92662248867e-05,7.43422919e-05
9.53056407e-05,9.207943504e-05
5.50946666901e-05,6.391391118e-05
8.22966166342e-05,7.857546312e-05
8.33048803901e-05,8.367372205e-05
0.000104025383677,0.0001005702514
7.76687133769e-05,7.560399495e-05
6.49589041256e-05,7.057556911e-05
8.26780953924e-05,7.973634311e-05
7.75390603107e-05,7.826042132e-05
9.83994823406e-05,9.574018825e-05
8.71350135801e-05,8.390143299e-05
0.000102271213596,0.0001018165811
7.73585942837e-05,7.394793946e-05
9.00994835216e-05,8.419585772e-05
8.21786079517e-05,7.909504707e-05
5.50946666901e-05,6.410745271e-05
6.57218616419e-05,7.075856912e-05
8.496044844e-05,8.211596968e-05
7.22922373035e-05,7.570242771e-05
0.000118332762622,0.0001318485221
6.44236854903e-05,6.413486842e-05
8.25600867098e-05,8.156455915e-05
7.9244091674e-05,8.061773169e-05
8.17090741929e-05,7.858144767e-05
8.98336579369e-05,8.890258013e-05
9.73669530464e-05,9.189580975e-05
4.91994304556e-05,5.98822662e-05
5.95329647877e-05,6.610024751e-05
7.22922373035e-05,7.598878009e-05
9.72550460662e-05,9.496235994e-05
7.67761027944e-05,7.709766031e-05
8.71350135801e-05,8.394778809e-05
7.63946240363e-05,7.669682357e-05
0.000125600232147,0.0001425705029
8.36863591483e-05,8.26493043e-05
7.2989509894e-05,6.928167833e-05
8.58530590405e-05,8.274520404e-05
0.000110911374493,0.000109961295
7.69768786454e-05,7.535998162e-05
0.000125981710905,0.0001467871939
0.000118178844018,0.0001209888313
9.31447941036e-05,9.003854809e-05
7.77400730419e-05,7.421161047e-05
0.000109994498354,0.0001067502668
8.36863591483e-05,8.361639527e-05
9.73669530464e-05,9.134828728e-05
4.91994304556e-05,6.012356019e-05
9.36559259279e-05,9.617240895e-05
7.67761027944e-05,7.795977912e-05
8.25600867098e-05,7.954211231e-05
7.76687133769e-05,7.585933722e-05
9.82838291852e-05,9.431882265e-05
9.0215136695e-05,8.866290733e-05
9.48498254668e-05,9.147522135e-05
8.78979710963e-05,8.454235968e-05
8.62345377987e-05,8.342990926e-05
0.000110375977112,0.0001068484041
8.17971291935e-05,7.980800325e-05
5.62391029645e-05,6.405651379e-05
0.000111674332009,0.0001116965965
7.47572198224e-05,7.286058622e-05
7.22922373035e-05,7.510167533e-05
6.17528604909e-05,6.848923063e-05
7.15292797872e-05,7.47335146e-05
9.0215136695e-05,8.981190688e-05
8.9564086159e-05,8.486833162e-05
8.40167880345e-05,7.880143236e-05
6.73358316751e-05,6.861310255e-05
7.93321466746e-05,7.825562162e-05
7.03186848946e-05,7.024341316e-05
8.40678379064e-05,8.34400408e-05
7.88626129158e-05,8.143956348e-05
0.000109231540838,0.0001042518185
0.000105169819952,0.0001027867167
0.000102573110225,9.861277779e-05
0.000125981710905,0.0001461478875
9.96735716993e-05,9.71851888e-05
0.000102573110225,9.824844836e-05
9.76365248243e-05,9.526922733e-05
7.18448367574e-05,6.945074427e-05
7.03186848946e-05,7.053108472e-05
0.000101810152708,9.701927297e-05
5.7002297343e-05,6.163442745e-05
9.80180035824e-05,9.55830845e-05
8.13275954347e-05,7.855607866e-05
0.000103871465104,9.870507074e-05
8.59244186874e-05,8.002859931e-05
6.87925329998e-05,7.317265814e-05
9.92920929411e-05,9.694797267e-05
6.49589041256e-05,7.073835546e-05
9.11077472776e-05,8.807034726e-05
8.41974909237e-05,8.145684782e-05
7.03186848946e-05,7.071839037e-05
8.496044844e-05,8.229082944e-05
7.93321466746e-05,7.817500794e-05
6.4041969852e-05,6.616034026e-05
0.000100947660991,0.0001068352053
7.73583574035e-05,7.536979097e-05
0.000106086696073,0.0001126797922
7.22265523777e-05,6.862652623e-05
8.66654798032e-05,8.462037971e-05
7.18450736196e-05,6.827485907e-05
8.2923401632e-05,8.292995074e-05
0.000111292853251,0.0001108771136
9.72550460662e-05,9.377700386e-05
8.00951041909e-05,7.931983902e-05
7.10102827639e-05,7.197654039e-05
7.75390603107e-05,7.766322086e-05
8.62840010451e-05,8.461749995e-05
0.000114005216133,0.0001269289963
8.54715802824e-05,8.190366405e-05
5.91514860296e-05,6.626674507e-05
7.18448367574e-05,6.907366554e-05
9.82838291852e-05,9.369743477e-05
8.25600867098e-05,8.081255332e-05
0.000105169819952,0.0001026089487
0.000100184703475,0.0001047295974
9.32744471698e-05,9.139533197e-05
8.21786079517e-05,8.114893352e-05
8.26780953924e-05,7.829751109e-05
8.40167880345e-05,7.97206299e-05
8.04765829491e-05,7.909416851e-05
8.8748983564e-05,8.557080891e-05
9.00994835216e-05,8.455932956e-05
0.000125600232147,0.0001479442004
7.35247285293e-05,7.3400675e-05
7.84316708932e-05,7.621516604e-05
5.73837761011e-05,6.1285511e-05
8.5902522287e-05,8.382108325e-05
9.25826124382e-05,8.612386206e-05
5.87700072714e-05,6.618731362e-05
7.85030305581e-05,7.47398008e-05
8.40167880345e-05,7.953861741e-05
7.85030305581e-05,7.461808454e-05
7.10102827639e-05,7.23381311e-05
9.0215136695e-05,8.997802376e-05
9.92920929411e-05,9.668198961e-05
9.27633153454e-05,9.020728298e-05
7.07001636527e-05,7.036129304e-05
7.63946240363e-05,7.767259083e-05
7.88847461285e-05,7.413542234e-05
7.88626129158e-05,8.064329656e-05
6.28972967653e-05,6.860747608e-05
9.75208716689e-05,9.282874775e-05
9.49378804675e-05,9.364934643e-05
9.96735716993e-05,9.806143355e-05
7.26080311358e-05,6.891833743e-05
0.000105169819952,0.0001024001573
7.69768786454e-05,7.566614039e-05
0.000118332762622,0.0001294935558
9.18707047938e-05,8.88280349e-05
9.44683467087e-05,9.107266308e-05
8.45789696818e-05,8.171577305e-05
7.26737160616e-05,7.521409744e-05
7.85032673704e-05,7.377935058e-05
8.2941565468e-05,8.128060427e-05
9.18707047938e-05,8.851472996e-05
4.91994304556e-05,6.004843675e-05
9.04809622798e-05,8.491141248e-05
7.06288040058e-05,7.226048233e-05
7.03186848946e-05,7.018341109e-05
0.00011871424138,0.0001321005805
6.99372061364e-05,7.012857713e-05
7.43757410643e-05,7.269311474e-05
6.36604910938e-05,6.559053055e-05
6.98658464895e-05,7.223662674e-05
8.09461166766e-05,7.806423051e-05
8.36863591483e-05,8.302898487e-05
8.70469585614e-05,8.459870655e-05
0.000105169819952,0.0001029205099
7.10102827639e-05,7.255867179e-05
8.5902522287e-05,8.357526613e-05
0.000110911374493,0.000109676516
0.000109231540838,0.000106126986
8.58530590405e-05,8.298966477e-05
0.000109613019596,0.0001051606485
7.43757410643e-05,7.253478205e-05
0.000112209729323,0.0001195250938
6.32790123357e-05,6.606760909e-05
0.000112972686839,0.0001250275302
6.95557273783e-05,7.062355587e-05
8.9564086159e-05,8.577094274e-05
8.36863591483e-05,8.275708965e-05
5.87700072714e-05,6.578477577e-05
0.000110911374493,0.0001094729838
8.00951041909e-05,7.87128551e-05
4.88179516974e-05,5.989938429e-05
6.53403828837e-05,7.09513936e-05
8.91304623222e-05,8.653905151e-05
9.40374046861e-05,9.423167476e-05
8.55429399293e-05,8.000644313e-05
9.0215136695e-05,8.857126589e-05
0.000106332002312,0.0001081508711
0.00010150825608,0.000100181392
7.14633579992e-05,6.865038884e-05
8.88011286427e-05,8.467189538e-05
9.40374046861e-05,9.277891304e-05
8.94521791787e-05,8.901347185e-05
9.37053891924e-05,9.013810884e-05
9.0215136695e-05,8.989912515e-05
0.000102271213596,0.0001035563044
0.00010671348107,0.0001136265897
0.000111292853251,0.0001102513343
7.19107585453e-05,7.565434505e-05
9.20003578291e-05,8.866215934e-05
7.15292797872e-05,7.481635022e-05
7.88626129158e-05,8.131035422e-05
7.88847461285e-05,7.412451642e-05
6.44236854903e-05,6.408992187e-05
9.49241619418e-05,9.068735568e-05
6.99372061364e-05,7.000935288e-05
0.000109994498354,0.0001071736169
0.000104025383677,0.0001006624254
7.0700400483e-05,6.874578644e-05
9.83994823406e-05,9.550599731e-05
7.43757410643e-05,7.276279809e-05
9.86653079434e-05,9.48352357e-05
5.95329647877e-05,6.580829175e-05
9.00994835216e-05,8.3786753e-05
0.000114005216133,0.0001244163276
0.00010671348107,0.0001120829983
0.000113623737375,0.0001200003277
0.000102271213596,0.00010271598
7.35247285293e-05,7.329773738e-05
6.2134339249e-05,6.860938059e-05
7.35247285293e-05,7.383192924e-05
8.63058974456e-05,8.040633663e-05
9.08624410379e-05,8.523577972e-05
6.95554905161e-05,7.349897349e-05
8.71350135801e-05,8.387438111e-05
0.000125981710905,0.0001482491686
9.07262685194e-05,8.715766494e-05
6.48051642484e-05,6.435004178e-05
6.28972967653e-05,6.839926019e-05
9.31447941036e-05,9.037088232e-05
9.96735716993e-05,9.770492467e-05
6.73358316751e-05,6.862168738e-05
6.6954352917e-05,6.825017822e-05
0.000110911374493,0.0001101896471
0.000104406862436,0.0001014537212
9.56871194581e-05,9.066834257e-05
0.00010671348107,0.0001122261583
5.50946666901e-05,6.416462671e-05
8.2923401632e-05,8.33641864e-05
8.30595741505e-05,7.928015378e-05
9.37053891924e-05,9.03580723e-05
6.40422067321e-05,6.381520824e-05
9.05966154532e-05,8.968052469e-05
7.2761771013e-05,7.294781466e-05
7.22265523777e-05,6.871866004e-05
0.000110529895735,0.0001087212616
9.44188834442e-05,9.316225934e-05
9.57008379838e-05,9.397750068e-05
0.000104788341194,0.000102210447
8.26780953924e-05,7.9437276e-05
7.18448367574e-05,6.897345966e-05
8.40678379064e-05,8.264318151e-05
9.92920929411e-05,9.747783343e-05
6.95554905161e-05,7.31665525e-05
7.9244091674e-05,8.037074767e-05
9.82838291852e-05,9.356940374e-05
9.25826124382e-05,8.629643525e-05
9.07262685194e-05,8.761152901e-05
6.84110542417e-05,7.356040801e-05
7.62139211291e-05,7.464930762e-05
7.47572198224e-05,7.282762451e-05
8.58530590405e-05,8.254451887e-05
9.79023504271e-05,9.360884126e-05
7.81215518e-05,7.38532198e-05
7.88626129158e-05,8.088319729e-05
9.53193592256e-05,9.333867722e-05
7.14633579992e-05,6.888862565e-05
5.83885285133e-05,6.549699128e-05
5.7002297343e-05,6.14800111e-05
9.11077472776e-05,8.790489556e-05
6.36604910938e-05,6.552365408e-05
7.84811341577e-05,8.037084691e-05
5.62393398267e-05,6.127586478e-05
7.73583574035e-05,7.58608198e-05
0.000125218753389,0.0001446529662
7.76687133769e-05,7.593527073e-05
8.40167880345e-05,7.862157737e-05
6.51866430066e-05,6.438757627e-05
9.60685982162e-05,9.052882556e-05
4.88179516974e-05,5.99583776e-05
9.00994835216e-05,8.430999714e-05
0.000102191631467,9.822656274e-05
7.84316708932e-05,7.642058314e-05
7.39942623061e-05,7.253512797e-05
6.95557273783e-05,7.055867438e-05
9.73669530464e-05,9.20194308e-05
7.85030305581e-05,7.406352777e-05
0.000107094959829,0.0001100573174
9.82838291852e-05,9.342698766e-05
7.26080311358e-05,6.907510845e-05
0.000112209729323,0.0001226004114
7.22265523777e-05,6.871264017e-05
9.31447941036e-05,8.975133595e-05
9.86653079434e-05,9.491722913e-05
8.00951041909e-05,7.863929599e-05
7.92662248867e-05,7.428679056e-05
0.000117034407743,0.0001185728664
9.98032247165e-05,0.0001037953707
9.27633153454e-05,8.933989879e-05
8.25600867098e-05,7.940122183e-05
0.000109613019596,0.0001056484313
0.000119477198897,0.0001332289373
9.08624410379e-05,8.473114395e-05
9.79023504271e-05,9.347057148e-05
8.70469585614e-05,8.451122291e-05
8.40678379064e-05,8.359852678e-05
9.49241619418e-05,9.150596286e-05
7.31432497712e-05,7.360840663e-05
8.8748983564e-05,8.606033247e-05
8.5161224309e-05,7.999834379e-05
7.62139211291e-05,7.540023547e-05
6.6954352917e-05,6.86134914e-05
8.66654798032e-05,8.420102999e-05
8.496044844e-05,8.169536977e-05
9.56871194581e-05,9.263029155e-05
8.41974909237e-05,8.15014586e-05
5.91514860296e-05,6.644134755e-05
0.000101889734838,0.0001007488989
8.9564086159e-05,8.433754129e-05
7.22265523777e-05,6.864877487e-05
7.62139211291e-05,7.490397244e-05
8.33048803901e-05,8.317793056e-05
6.61913954007e-05,6.838937814e-05
9.14892260357e-05,8.765075488e-05
9.08624410379e-05,8.498491515e-05
8.19151378761e-05,7.915965232e-05
9.14892260357e-05,8.788367697e-05
7.31432497712e-05,7.367305494e-05
0.000117415886501,0.000119525743
9.29640911964e-05,8.665709358e-05
0.000125600232147,0.0001481685575
7.26080311358e-05,6.899657596e-05
0.000101810152708,9.880995537e-05
7.97136254328e-05,7.858542398e-05
8.59244186874e-05,8.03964639e-05
8.63058974456e-05,8.053982076e-05
6.28975335775e-05,6.596619904e-05
8.94521791787e-05,8.909799984e-05
7.18450736196e-05,6.830237954e-05
8.09461166766e-05,7.824991454e-05
7.10818792411e-05,6.877597668e-05
9.76365248243e-05,9.47511233e-05
9.20003578291e-05,8.84545323e-05
8.40167880345e-05,7.924629821e-05
6.98658464895e-05,7.137957683e-05
9.85291354248e-05,9.560342833e-05
0.00010150825608,0.0001013484144
0.000103489986346,9.840349986e-05
8.19151378761e-05,7.94710923e-05
7.73583574035e-05,7.574290312e-05
8.70469585614e-05,8.498728373e-05
0.000103108507587,9.732272477e-05
7.43757410643e-05,7.246401696e-05
7.18450736196e-05,6.834733136e-05
7.88131496514e-05,7.646267179e-05
7.67761027944e-05,7.760268093e-05
8.00951041909e-05,7.903280731e-05
0.000125600232147,0.0001483602933
9.76365248243e-05,9.464720073e-05
9.53193592256e-05,9.497483262e-05
8.19151378761e-05,7.906673858e-05
6.87925329998e-05,7.264735242e-05
6.84110542417e-05,7.344864494e-05
5.7002297343e-05,6.119739695e-05
5.62391029645e-05,6.43209316e-05
0.000107094959829,0.000115234388
8.04765829491e-05,7.922681106e-05
9.0215136695e-05,9.004995749e-05
8.2941565468e-05,8.119148932e-05
9.25826124382e-05,8.673276798e-05
9.56871194581e-05,9.103175124e-05
8.83675048059e-05,8.584264498e-05
9.0215136695e-05,8.881586629e-05
7.06288040058e-05,7.242341951e-05
5.7002297343e-05,6.133866128e-05
9.53056407e-05,9.031729984e-05
8.22966166342e-05,7.822276345e-05
7.2989509894e-05,6.900581629e-05
0.000100566182233,0.0001055373984
0.000100947660991,0.0001066930043
6.95557273783e-05,7.068371349e-05
5.91514860296e-05,6.62052505e-05
5.50946666901e-05,6.403382152e-05
7.03186848946e-05,7.005660745e-05
0.00010543939173,0.0001040770147
8.98336579369e-05,8.862020216e-05
8.9564086159e-05,8.592709041e-05
7.88131496514e-05,7.66047932e-05
9.0215136695e-05,8.939627903e-05
8.51614611711e-05,7.928513034e-05
0.000118332762622,0.0001320909547
9.80180035824e-05,9.434505435e-05
9.8910614183e-05,9.65265349e-05
0.000117034407743,0.0001187864531
0.00010671348107,0.0001138148591
7.93321466746e-05,7.88378049e-05
6.61913954007e-05,6.852663978e-05
9.25826124382e-05,8.639525413e-05
7.63946240363e-05,7.660229806e-05
0.000117034407743,0.0001180896641
9.07262685194e-05,8.790394365e-05
0.000106202349246,0.0001057246891
7.31432497712e-05,7.32949648e-05
9.40374046861e-05,9.558910125e-05
8.26780953924e-05,7.933343656e-05
8.95119410803e-05,8.793517829e-05
7.97136254328e-05,7.884428629e-05
0.000112972686839,0.0001222464811
0.000100566182233,0.0001009434157
8.5902522287e-05,8.385178847e-05
9.86653079434e-05,9.506992567e-05
9.49378804675e-05,9.239295078e-05
0.000106332002312,0.000108390501
7.93321466746e-05,7.794220528e-05
0.000103489986346,9.919678039e-05
8.2923401632e-05,8.221594956e-05
8.19151378761e-05,7.926938612e-05
9.44683467087e-05,9.097232362e-05
9.49378804675e-05,9.336768484e-05
5.58576242064e-05,6.400696835e-05
6.49589041256e-05,7.091253774e-05
0.000106468174831,0.0001136922135
9.53056407e-05,9.162950131e-05
8.78979710963e-05,8.445370085e-05
5.83885285133e-05,6.563473181e-05
7.31432497712e-05,7.312041779e-05
5.58576242064e-05,6.418942784e-05
6.51866430066e-05,6.431874571e-05
7.88626129158e-05,8.057261762e-05
6.65728741588e-05,6.840697783e-05
7.92662248867e-05,7.430820425e-05
8.70469585614e-05,8.443844236e-05
0.000125600232147,0.000147683807
7.84811341577e-05,8.003165715e-05
8.17090741929e-05,7.889724993e-05
0.000100184703475,0.0001003630105
0.000102727028829,9.731562496e-05
7.80996553995e-05,8.124774636e-05
8.78979710963e-05,8.4529374e-05
9.80180035824e-05,9.458829434e-05
7.51386985806e-05,7.312444627e-05
5.7002297343e-05,6.134148649e-05
9.08624410379e-05,8.511741694e-05
7.92662248867e-05,7.443832626e-05
9.29640911964e-05,8.70046607e-05
7.39942623061e-05,7.250857111e-05
0.000117797365259,0.0001201431648
6.36604910938e-05,6.584211816e-05
7.85030305581e-05,7.390092765e-05
6.6954352917e-05,6.838972196e-05
8.09461166766e-05,7.811106808e-05
8.62840010451e-05,8.379803225e-05
7.73583574035e-05,7.543500761e-05
8.2941565468e-05,8.227537535e-05
7.2761771013e-05,7.271818411e-05
7.47572198224e-05,7.316030086e-05
6.65728741588e-05,6.82410743e-05
6.99372061364e-05,7.085714103e-05
5.66208185848e-05,6.1488811e-05
4.84364729393e-05,5.985369184e-05
7.14633579992e-05,6.874998526e-05
0.000105323738556,0.000108603129
8.26780953924e-05,7.962919229e-05
6.4041969852e-05,6.622308571e-05
0.000112860779859,0.0001231234186
5.95329647877e-05,6.587154076e-05
6.61913954007e-05,6.801824584e-05
0.000102652692354,0.0001044724623
8.58530590405e-05,8.225772847e-05
5.58576242064e-05,6.387456965e-05
9.14892260357e-05,8.820555621e-05
7.26737160616e-05,7.567593889e-05
0.000106468174831,0.00011178292
0.00011871424138,0.0001307734313
7.07001636527e-05,7.017314857e-05
7.18448367574e-05,6.920806535e-05
7.2989509894e-05,6.934699548e-05
0.000103871465104,9.981844087e-05
7.75390603107e-05,7.811289501e-05
0.000124837274631,0.0001418314887
0.000106468174831,0.0001112128714
8.47797455508e-05,7.895477451e-05
9.79023504271e-05,9.369739516e-05
5.66208185848e-05,6.145038347e-05
5.54761454482e-05,6.395948059e-05
0.000112860779859,0.0001181998691
0.000111674332009,0.0001110460944
5.91514860296e-05,6.578853893e-05
8.9564086159e-05,8.499558206e-05
9.69854742883e-05,9.165142249e-05
0.000106202349246,0.0001048657424
9.32744471698e-05,9.29067048e-05
0.000105820870488,0.0001046339116
0.000101810152708,9.805989038e-05
0.000103489986346,9.911571123e-05
7.22922373035e-05,7.556510906e-05
8.43982667927e-05,7.909706645e-05
0.00010142867395,9.779353939e-05
8.2941565468e-05,8.048655791e-05
4.84364729393e-05,5.985137629e-05
7.81215518e-05,7.406783971e-05
0.000110375977112,0.0001065979267
4.95809092137e-05,5.993247214e-05
9.14892260357e-05,8.853866726e-05
7.35247285293e-05,7.306658918e-05
9.04809622798e-05,8.439491205e-05
7.10102827639e-05,7.23950404e-05
8.63058974456e-05,8.048005784e-05
7.43757410643e-05,7.268093126e-05
0.000101889734838,0.0001031257635
0.000101810152708,9.783487814e-05
6.65728741588e-05,6.85349951e-05
8.36863591483e-05,8.334806375e-05
9.44188834442e-05,9.636601471e-05
7.39062072875e-05,7.324860559e-05
0.000100566182233,0.0001036902935
8.84196498846e-05,8.503392259e-05
0.000117415886501,0.0001193874473
7.39062072875e-05,7.363608614e-05
5.7002297343e-05,6.141493734e-05
7.31432497712e-05,7.323026544e-05
8.45789696818e-05,8.187563435e-05
6.61033404e-05,7.085120955e-05
0.000112860779859,0.0001213110525
0.000117797365259,0.000120174039
8.53419271981e-05,8.216269367e-05
0.000106086696073,0.0001101836017
8.51614611711e-05,7.968155991e-05
0.00010150825608,0.0001022864915
7.71575815526e-05,7.741278894e-05
7.9244091674e-05,8.108238195e-05
8.17971291935e-05,8.073721006e-05
4.95809092137e-05,5.999600191e-05
0.000118332762622,0.0001324642167
8.95119410803e-05,8.711711838e-05
8.94521791787e-05,8.796229382e-05
7.81215518e-05,7.413799222e-05
9.40868679505e-05,9.083916928e-05
0.000117034407743,0.0001182483002
5.50946666901e-05,6.42618893e-05
6.73358316751e-05,6.854301925e-05
8.62345377987e-05,8.25064954e-05
0.000109613019596,0.0001057795665
6.25158180071e-05,6.867081404e-05
8.98336579369e-05,8.910809039e-05
0.000111674332009,0.0001115956056
9.60685982162e-05,9.223028788e-05
8.8748983564e-05,8.6235939e-05
8.66160165568e-05,8.343962336e-05
9.49241619418e-05,9.126788545e-05
0.000118178844018,0.0001205795718
0.000106202349246,0.0001050822866
6.51866430066e-05,6.421905275e-05
8.13275954347e-05,7.846259227e-05
6.87925329998e-05,7.289822956e-05
8.62840010451e-05,8.455288198e-05
5.54761454482e-05,6.396861761e-05
9.25826124382e-05,8.642881525e-05
6.65728741588e-05,6.831073919e-05
7.19107585453e-05,7.594038128e-05
8.17090741929e-05,7.865489589e-05
9.0215136695e-05,8.901620308e-05
6.95557273783e-05,7.036683541e-05
0.000110911374493,0.0001099438449
7.77400730419e-05,7.377889551e-05
4.88179516974e-05,6.000008298e-05
8.66160165568e-05,8.301992867e-05
7.22922373035e-05,7.531497637e-05
9.48498254668e-05,9.146876915e-05
6.28975335775e-05,6.584375106e-05
9.08624410379e-05,8.528527544e-05
5.7002297343e-05,6.127126512e-05
8.17971291935e-05,7.931151751e-05
8.00951041909e-05,7.912984202e-05
7.88847461285e-05,7.393430366e-05
6.49589041256e-05,7.013104637e-05
9.85291354248e-05,9.636208349e-05
0.000111674332009,0.0001114018693
0.000118178844018,0.0001212262155
8.33048803901e-05,8.238597099e-05
7.47572198224e-05,7.271464772e-05
0.000100947660991,0.0001017620566
9.82838291852e-05,9.430946973e-05
7.85030305581e-05,7.427526397e-05
0.000103108507587,9.903468837e-05
8.66160165568e-05,8.276300054e-05
0.000119477198897,0.0001372588594
4.95809092137e-05,5.988623019e-05
9.49241619418e-05,8.981060427e-05
8.43982667927e-05,7.994479246e-05
7.0700400483e-05,6.835883399e-05
8.83675048059e-05,8.652577621e-05
8.47797455508e-05,8.011739605e-05
6.44236854903e-05,6.40301488e-05
7.85032673704e-05,7.378483481e-05
0.000111674332009,0.0001111361243
9.44683467087e-05,9.11045818e-05
9.48498254668e-05,9.161815597e-05
8.13275954347e-05,7.845766825e-05
5.62391029645e-05,6.411732125e-05
8.09461166766e-05,7.825758666e-05
8.58530590405e-05,8.224301347e-05
9.05966154532e-05,8.855546316e-05
0.000125600232147,0.000145048532
9.18707047938e-05,8.809683481e-05
7.65953998872e-05,7.510274592e-05
7.06288040058e-05,7.183884826e-05
9.79023504271e-05,9.307306203e-05
8.82794498545e-05,8.486654215e-05
9.40868679505e-05,9.073819185e-05
9.20003578291e-05,8.84664812e-05
0.000102652692354,0.0001033320963
0.00010150825608,0.0001004697547
7.75390603107e-05,7.790129442e-05
9.44188834442e-05,9.481412059e-05
0.00010671348107,0.0001106112823
6.40422067321e-05,6.374388967e-05
7.80501921351e-05,7.554416816e-05
8.54715802824e-05,8.173073823e-05
5.83885285133e-05,6.599263422e-05
6.61913954007e-05,6.794441271e-05
7.80996553995e-05,8.119215291e-05
0.000112591208081,0.0001238047284
9.56871194581e-05,9.198353385e-05
8.91304623222e-05,8.81870663e-05
8.88011286427e-05,8.4133606e-05
9.49378804675e-05,9.443004754e-05
9.53193592256e-05,9.423896274e-05
7.85030305581e-05,7.375569229e-05
9.85291354248e-05,9.597976586e-05
9.98032247165e-05,0.0001039306544
9.80180035824e-05,9.447446136e-05
9.79023504271e-05,9.31999353e-05
0.000102727028829,9.793100366e-05
0.00011871424138,0.0001336164352
6.9174011758e-05,7.278323028e-05
8.51614611711e-05,7.946545821e-05
0.000110529895735,0.0001092053798
8.75164923382e-05,8.427805187e-05
7.85030305581e-05,7.44104387e-05
0.000118332762622,0.0001312410497
0.000125218753389,0.0001412079895
8.22966166342e-05,7.914639765e-05
9.1819654922e-05,8.552527082e-05
9.49378804675e-05,9.347063907e-05
8.98336579369e-05,8.970785075e-05
8.8748983564e-05,8.615221624e-05
5.54761454482e-05,6.431686561e-05
0.000118332762622,0.000131079501
0.000112209729323,0.0001177439266
8.98336579369e-05,8.962092446e-05
7.39062072875e-05,7.341078847e-05
8.25600867098e-05,8.062599927e-05
9.05966154532e-05,8.912423609e-05
0.000113242258617,0.0001221182329
0.000104788341194,0.0001022551164
0.000110529895735,0.0001093399352
8.33048803901e-05,8.268693522e-05
7.85030305581e-05,7.396455151e-05
7.80501921351e-05,7.604216251e-05
6.95557273783e-05,6.995993099e-05
7.63946240363e-05,7.721723553e-05
8.71350135801e-05,8.37942125e-05
9.36559259279e-05,9.21840559e-05
6.44236854903e-05,6.391937343e-05
7.71575815526e-05,7.733494751e-05
0.00010150825608,0.000101144247
8.82794498545e-05,8.502186049e-05
6.48051642484e-05,6.425502657e-05
9.98032247165e-05,0.0001036418691
8.45789696818e-05,8.163078361e-05
7.80501921351e-05,7.590036585e-05
9.40868679505e-05,9.079190631e-05
8.30595741505e-05,7.940862511e-05
5.50946666901e-05,6.422285555e-05
0.000105820870488,0.0001046333272
7.93321466746e-05,7.866026466e-05
9.73669530464e-05,9.23456064e-05
8.30595741505e-05,7.992592616e-05
7.84316708932e-05,7.608849882e-05
8.97180047635e-05,8.459115585e-05
7.07001636527e-05,7.098425032e-05
6.51866430066e-05,6.434093094e-05
0.000111674332009,0.0001112651481
8.30595741505e-05,7.860619807e-05
0.000105323738556,0.0001114641859
0.000107094959829,0.0001114949374
6.61033404e-05,7.058623011e-05
7.63946240363e-05,7.774788732e-05
9.00994835216e-05,8.441255856e-05
0.000112209729323,0.0001212327964
9.40868679505e-05,9.060442505e-05
9.14892260357e-05,8.86223287e-05
8.496044844e-05,8.200085002e-05
9.23818365873e-05,8.887203466e-05
7.76687133769e-05,7.568743023e-05
7.62139211291e-05,7.471855568e-05
0.000105705217314,0.0001095755859
0.000124837274631,0.0001445843434
5.95329647877e-05,6.652459591e-05
9.57008379838e-05,9.57465699e-05
0.000100184703475,0.0001001409455
7.80996553995e-05,8.106344578e-05
0.000112860779859,0.0001180906164
0.000125218753389,0.0001450195527
9.57008379838e-05,9.338994567e-05
0.000101889734838,0.0001021119579
7.75390603107e-05,7.775169051e-05
8.62840010451e-05,8.498460232e-05
7.77400730419e-05,7.427430951e-05
5.66208185848e-05,6.118574355e-05
6.98658464895e-05,7.178375221e-05
4.88179516974e-05,6.011565693e-05
8.84196498846e-05,8.480577002e-05
7.51386985806e-05,7.299779621e-05
5.66208185848e-05,6.142756417e-05
9.76365248243e-05,9.412113955e-05
9.76365248243e-05,9.462189256e-05
8.26780953924e-05,7.95309486e-05
6.28975335775e-05,6.545055484e-05
7.62139211291e-05,7.503948713e-05
8.63058974456e-05,8.041469692e-05
0.000103871465104,9.818277068e-05
0.000103489986346,9.942185485e-05
0.000103108507587,9.798754473e-05
5.62393398267e-05,6.130223939e-05
9.27633153454e-05,8.956545455e-05
0.000102727028829,9.690931637e-05
0.000102191631467,9.713359013e-05
7.76687133769e-05,7.530654373e-05
9.40868679505e-05,9.056339375e-05
0.000113623737375,0.0001198886843
0.000119095720138,0.0001355968235
9.6222516772e-05,9.122059549e-05
9.05966154532e-05,8.949866552e-05
7.88131496514e-05,7.647198902e-05
8.97180047635e-05,8.426870656e-05
9.98032247165e-05,0.000101999047
0.000110911374493,0.0001098203061
6.95557273783e-05,7.042885458e-05
8.43982667927e-05,7.915998027e-05
0.000106202349246,0.0001054926502
9.8910614183e-05,9.642297391e-05
0.000109231540838,0.0001062332875
8.36863591483e-05,8.23500689e-05
7.31432497712e-05,7.336942651e-05
9.85291354248e-05,9.612626234e-05
9.6222516772e-05,9.105483034e-05
9.49378804675e-05,9.421252959e-05
6.65728741588e-05,6.833597344e-05
6.57218616419e-05,7.104434614e-05
9.11077472776e-05,8.834724288e-05
5.73837761011e-05,6.166888186e-05
7.73585942837e-05,7.344752693e-05
0.000117797365259,0.0001198956291
0.000112591208081,0.0001204603001
7.9244091674e-05,8.121067799e-05
9.98032247165e-05,0.0001024060084
8.70469585614e-05,8.49164088e-05
7.69768786454e-05,7.56050663e-05
8.19151378761e-05,7.870801182e-05
8.2941565468e-05,8.031924853e-05
8.95119410803e-05,8.900073074e-05
7.62139211291e-05,7.478140194e-05
8.496044844e-05,8.180155305e-05
0.000104025383677,0.0001003943566
0.000105169819952,0.0001021424617
7.84811341577e-05,8.131433268e-05
7.81215518e-05,7.377863927e-05
8.83675048059e-05,8.724639061e-05
